Feature1,Feature2,Feature3,Target
-0.2651422209872812,2.416016339261353,1.492629792812066,145.804093035396
0.44392930181832624,-1.5731871350145508,-0.7735631719546437,-75.57235907756292
0.6608763429877772,0.6672874382260793,0.8139809884680651,79.65014838808214
1.0858163478164877,-0.5938043574985062,-2.3601381395281926,-230.6340362070866
-0.40296091905862225,0.8134049026386732,0.10236716022808229,10.11881814701159
-1.6033288596038713,-1.59826459628915,0.7365347781553917,71.85641623402385
-1.0367097521628046,1.7735873875812969,-0.3645667091018627,-35.50756634021195
-0.9540105625297638,0.09559883512900663,-0.46808066565292494,-45.68776938138082
-0.5383745790013881,0.02530723317897501,0.1807403943599843,17.615782351437502
0.12026781207016604,-1.5308821432283015,0.17975563913505102,17.629119997798952
-0.6012294359067918,2.168208575307975,0.40461629659520904,39.74534835054471
-1.8865265321678184,-0.33766126800964363,0.023049027339714694,2.301904559249641
0.6169350996935845,0.5309849442024905,-0.9304738820022119,-91.0267722489757
0.9381172010061718,0.8847365867972321,-0.9212636616627997,-90.03510774385008
-0.5533966296716395,1.3450425860731363,-0.8101637862888355,-79.1722095051016
1.1424166235389666,-0.32606275183390937,-0.24624332679748917,-24.007300274014025
-0.148578274715343,-0.8465692840555917,-0.41958137717080757,-41.0080009868534
-0.3370185777066615,-1.0563217547557349,-1.1788445806880261,-115.18577599675997
0.06855141079694037,-0.42678933642577904,-0.28078727884582194,-27.420151881408902
0.23762284447472454,1.3437461882564472,-0.2676473377680014,-26.044337542756832
-1.6033894842464658,-0.11232793805553731,0.044940976003907215,4.259125570569109
0.6018869573268096,-0.31268407541158805,0.7751589337558785,75.6477536565399
-0.4840849626895593,-1.088590570893295,0.4748633221926829,46.33672113354598
-0.0331207302731651,-0.9924962094440277,-0.16510340853370956,-16.11336297333702
0.041639720118918123,0.19672289661324174,-0.6307101684966611,-61.566377672214614
0.47489817482166524,-0.7404608641102015,-0.5286697303858037,-51.620736830588555
-1.0454373105468584,0.21651437664623938,-0.39243139806723776,-38.305402078830056
0.18371691309304694,0.8710716519534937,-1.0705493605226013,-104.43948130876493
1.3145645382416944,-1.574635714395852,2.2573365690204916,220.48798237104518
0.22762293009848397,0.42811229726252753,1.3351627364136471,130.50090184456857
0.981650671431135,1.516927218407885,-1.948970128370681,-190.31563497695583
-0.4431301669509999,0.6156793881866336,-1.4357649783920035,-140.14281994055327
-2.136971100520546,0.8696494464702402,-0.9810607490859172,-95.76180609341029
2.0082223444399787,0.3132059703032842,0.26206074975125493,25.560242210239853
-0.33474542506422106,-1.5430939874723475,-0.8846257825057318,-86.39637077505499
0.0162398015403937,0.2030621515306822,-0.03508654982091312,-3.506757972745939
-0.587376053199163,0.32903461894980707,0.006885408412317336,0.8190727746788262
1.5460302628241545,0.343462744514589,-1.0002081659314048,-97.70589316776754
0.39714212195054605,-1.8504205880434021,-0.8185136768251547,-79.9223509305432
1.484521410718553,-1.0904943018175457,2.1048844470081307,205.67580582856408
0.1661100596980256,0.565032143674373,-0.5624901572552597,-55.118280332282396
-0.6991899752002241,-0.004154350572033645,-0.0942165088289848,-9.110510819529608
-1.10796618381108,0.5676924041227362,1.0989425806266908,107.28416496225702
-1.1456411935262647,-0.41463508477688016,-0.777376219079174,-76.05691466745519
0.08664236613578687,-1.0999046633363385,-1.0233551551357136,-100.01754864102367
1.0402923183945216,1.1730096270126413,0.7971386714356573,77.91287857501158
0.2580573597510801,-0.5606691634319161,0.19594261460870824,19.290622566635864
0.0643883740111574,0.09583188470985077,-0.26935236868431894,-26.17931754470972
-1.1313741252431155,-0.7143998065818622,-0.4158696878934919,-40.804277440365766
1.1031166594837079,0.9329690566230185,-0.40074282972239317,-38.9184355857157
-0.7052468423941164,0.715944736823611,0.8520197346042181,83.20045724086162
0.5288323562543678,1.4036888101062572,-0.1447565135084677,-14.252342153786406
2.415308824614279,-0.26522688921048626,-0.13396565708874217,-13.191857206272168
-0.20922091515185293,-0.3443250486743142,0.9173196948626888,89.74549809554688
1.2386949557913716,0.9493012262266637,1.474609003057447,144.1003066608838
0.2339139995354364,0.15620460364099326,0.07691085257027665,7.506949749280989
1.640164815223946,0.3835112130996261,-0.4339630244136976,-42.4025060456166
1.714715886327566,0.3343096718242834,-0.7626065343770663,-74.55882510283935
0.6714035755042012,0.5099459536030669,0.6057545889226852,59.06101360557391
-0.6775980161414428,-1.2009702487593743,-0.391716600060284,-38.35226400846067
1.2881718134573308,1.8592718397966221,0.3973949524036048,38.80724281412613
-0.5786640187235371,2.1366971373237202,1.2812298157405848,125.25104455858464
1.876973236368966,0.33884658263471973,1.9375706427330814,189.2217213506402
-0.9285130086818996,-1.524147204725333,-0.6583490976963485,-64.36645214132858
-2.2761139241971082,0.42879277718687336,-0.31910018056512385,-31.108190592437715
-0.8565191737121401,-1.818267252820386,1.5090648871405676,147.51916648861476
-1.047217991537806,-2.3376412646341924,-0.5866803036952123,-57.34110625704354
-1.9000900011534216,1.6307963569543384,0.9911361568908433,96.89373061022908
-0.09810856871333981,-0.4912829616627926,-1.3913166280047737,-135.95998259911147
-0.8840768903728446,1.014691670038441,0.9388097422016848,91.68196157849832
-0.36482147510785723,-0.483635157956849,0.07484987977279588,7.41348759194202
-0.5680585505298816,-0.86034201879952,-0.3610655160189627,-35.32929251106998
-0.36094167543316996,0.5640979931271332,-1.436702435417919,-140.24004422175437
-1.8009774650198276,-0.25768961393223405,-0.4575490359493125,-44.720008335897674
0.08121815099309249,-2.038434510319947,0.292089966444103,28.617877926609072
0.39067802684922487,0.8953044905550235,1.5637352913059974,152.7527789324394
-0.3108806986543559,0.1792609794568731,-2.0988423771466285,-205.2373284606573
-0.3841073721992816,-0.6225753927632196,1.5264933680439905,149.24666852221822
1.7435419706740087,-0.3559438497784207,0.11504014592410211,11.1580465278598
-1.4165854953347254,0.4075707179322686,-0.03951766421369509,-3.76751784672125
-1.7560498258008634,1.1280600769900564,-0.20999554516611263,-20.44682902458939
-0.7157179576323681,-2.1289476675780334,0.25029326605936053,24.361442312215935
0.6765899432335781,-1.465469666373197,-1.8402577687610753,-179.61636030595758
-1.0244574522305212,-1.2295975224180797,-1.1842690864400374,-115.85595916433891
-0.7695078844597177,-0.0025154809231133952,0.25096223781724003,24.42872515720342
-0.9212673229152298,0.3673053452165641,-0.28033661236750423,-27.280782605752574
-0.40520686983790993,2.001605512058261,0.01896647096942847,1.804469146061797
-0.14696144975816544,-0.8376449460249225,0.45550421999136287,44.534513639446274
-0.7213462576220653,1.8663015979106685,-1.7205209342471113,-168.05631433179934
2.087337805332441,-0.3510326694276088,0.6017798709883783,58.88428289086614
1.2568338368943037,-0.6830204183120474,-0.10397886615008711,-10.443716820517245
1.0634969235944172,0.9128417523163607,-0.6497488333051341,-63.417271132643094
0.529803962431531,-0.2224422537429066,0.08717377117213695,8.501793615862272
0.17789036855561718,-0.3482544908017881,-0.35152973637838936,-34.22486945876277
-0.6352859825836413,-0.7954391339354601,0.8875219173201682,86.64059518258041
1.5928009198884026,1.1874917878331792,0.8620373648688444,84.05807342923383
1.6597559991028679,1.5440260290135452,-0.30863721235560637,-30.289766077966963
-1.6783512170854158,-2.1123889663373916,0.20071187081158626,19.465589962406398
0.852449912102984,0.3682164850238544,-2.209362280062506,-215.84934572426562
0.5819914946385033,0.2499706361176371,0.15734484654563946,15.326688381294884
-0.04115125722089014,0.01767358379312171,0.21816288066832892,21.418986806346393
0.1578422171685626,-0.5184603163812178,-1.265676974647175,-123.8055879919486
0.12568122074205856,-1.110325259106217,-0.3937311103171537,-38.441982052673296
0.17515068050229995,0.33323017150635603,1.091709313935529,106.82095437292989
-0.2309588194488374,0.39610759885092306,-2.1513763764118368,-210.19362614221626
0.7096039948185338,2.1353571845954726,1.1599024787203938,113.2807439909418
-0.599958071998431,1.432744625622816,-0.9835619440889319,-95.95013953272937
0.22870160450868005,-0.09201686236252977,-0.9977766479813853,-97.5008300579327
0.21513270439890764,0.5334481660203262,0.1916816319515274,18.881096271432067
-0.9638416513400405,-0.8781665340223809,0.9914912043163423,96.94699224749873
0.3873759698086149,1.0082957051255625,-0.2683574768584306,-26.204898459510446
0.38679337062686686,-0.8220431902699536,-0.6831199009239118,-66.62503395416314
-0.707506029792819,-0.10543925519823262,-0.6340597214049055,-61.94787442345602
-0.5036082563357528,0.5619507760189233,0.3203418865831146,31.357075503648574
1.4254679907954244,-0.35628421885964184,-0.6108752371980778,-59.78777141277519
0.7969668703207705,0.3734803544168184,0.8439113468547861,82.51826335297295
-2.403427985196612,0.3224707745579693,-1.2807784157728186,-125.12477197638277
-0.9510515265397154,-0.5538398808535631,1.2339813801718715,120.47838515700751
0.9849916744994266,0.5568240566194931,-0.591836067575261,-57.92672759298087
0.3101280856983427,0.4740623882070295,-0.31378967977193667,-30.652108781872244
-1.1771006479470563,-1.0362976182584638,-1.2661606570513466,-123.7610149232271
-1.5352178709022035,-1.6029805557604186,-0.3188535051081303,-31.215799980055582
0.7881686884907764,0.12427284198627526,0.6425523675893103,62.86158961190575
-0.7171403565428575,-2.2163800308744475,-0.9389431587592346,-91.89032241391799
0.9112604918388576,0.8304444084872449,-1.183910459473802,-115.80209416262126
-1.5762609400305336,1.54473825994569,0.8719501854671152,85.21444434848152
-1.2729217394187822,-1.6135609425260933,1.2713525800316725,124.42934370429425
0.06664321344907895,0.7132581272823387,-0.22581262768219704,-22.016140299017277
-0.22622804213631828,-0.7869677457824193,2.6316276698810643,257.25910922749034
0.0955244882468207,0.28901987350447306,-1.5122449731580738,-147.9874504552768
-1.2283445604103473,0.916572143672788,0.11265187420549465,11.01947845118984
0.3297139557321965,-0.22002810616569857,0.25276754463858897,24.730037317689256
-1.2114025334103653,0.18302201750343597,0.3708788098236679,36.18678919493062
0.03567377358695786,-0.8798700376518961,-0.8731313814881717,-85.2406053280843
-1.7007747900534465,0.2991159176582663,-1.1813528012384198,-115.4080202756884
-0.1663024680728536,0.5943090818762191,-0.1926922633323755,-18.726263086284767
0.7578007650006606,0.10266647414523451,0.8484682860218846,82.62390440915408
-0.4379753814015397,0.19089630365987567,-0.0910306335709768,-8.773709091001392
-1.1797227862720872,-0.02796955155461494,-1.8119349100169488,-177.09666565124812
0.3959828650474984,-1.2818286983235312,0.5797176211792374,56.74968935108745
0.38312904428858724,0.348464829337578,0.42191137352469943,41.18079203826574
-1.0848803286340662,1.0442167783791647,-0.016286303695742424,-1.5510375710392732
0.21847550282796854,0.32674702422191343,0.9887515323341194,96.57977991514484
-1.014290555203595,0.744092714700367,-0.13012917658808668,-12.627069439783611
-0.09689379930648791,-0.6031198052158288,1.5999702357624135,156.35263037799538
0.32168515109346024,1.3866328816046525,1.2417270775191214,121.26473154098001
-0.8244857380380729,0.9986063113579127,-0.7967536265334043,-77.94827301322493
1.2319306812021096,1.179323517502398,0.6452672282366644,63.22136513052173
-0.7972671690039753,1.454132607152442,0.3014225289278365,29.592631781802456
0.23221423542707686,-0.3230512877011702,0.2753151171486898,26.851782988755765
1.3095908718593319,1.631153203666356,-0.5786158402486273,-56.57001000550572
0.03478557790060847,0.3611567821814068,-1.0005099300629372,-97.59071941688339
0.6086872726340092,-1.6462259517089493,-1.021169124540354,-99.89908022402274
1.6132195904441786,0.22954638963040114,0.31954516277702755,31.18257171367598
-0.3421396872360293,-1.6330883682836905,-0.41368398054046457,-40.398514154700806
-1.432450243631108,-0.32140051579198387,0.4585211200799728,44.83443814913196
0.10257424738762753,-0.049626610453135295,1.0958992484911412,107.03923989575004
1.2006284831749123,-0.2997671777026461,0.2814181355791806,27.70572951421922
2.3075242171721952,-1.0114045016524047,-0.00565369035162443,-0.5398616073033624
0.4316347673199805,0.6452828516979052,0.2525375218724018,24.66103720723637
0.7330671576839628,-0.1540709417154543,-0.5743294156154592,-55.987045942211
0.1586668007334314,0.662021885866743,-0.5270472445450812,-51.47922571970569
-0.4474158832589303,0.34118147817389627,-1.2648636689095385,-123.77498121793528
-2.489288260702446,0.3936535582499873,-0.16024827782235299,-15.569105286672952
-0.5413281607790584,-0.778016259545184,-0.048047915968937954,-4.860761484670877
-1.3157884462616671,0.4647140469026098,-0.8421777722452456,-82.41212555458647
-0.22249943849434917,0.28208126008368034,-1.1088880442825095,-108.27550594150762
-0.037860092965602526,1.6900788514687801,-1.1514405141171398,-112.6458016165158
-0.6996569823237595,-0.46277824744999063,0.8817852984883933,86.22810815202034
-0.03316836562920552,-1.2937818978548963,0.5397306308328862,52.64939343567938
0.14795711677549814,-0.5533567935655589,-0.6453153916767917,-63.02985862628964
-1.0581384863965693,0.7320329369577809,-0.993530220837671,-97.1024343723751
0.3910285560823677,-0.08230676065452039,-0.028095677762670045,-2.7992695044962796
-1.5654989032811228,-2.081026409902858,-0.760286257255117,-74.19869050245282
-1.6121578025229448,-1.3488623687407386,-1.1972881298846823,-116.92843723150958
-1.0370423300094593,2.2143505068068032,2.1655605923539647,211.50731235297928
0.88166123393231,0.3475905726639007,-0.2938359389647207,-28.697359437304293
-1.1275822985236452,0.21579790698740947,-1.446111273317068,-141.32332332695603
-0.022016602294725105,-0.8234105709714717,0.21454192177593176,21.089471864296737
1.7486029291090752,-1.7062169338300979,1.1201447543063394,109.35939836038774
-0.5541512032843328,-0.47149819135358517,1.5621196237948798,152.75001314233398
0.2846112664466705,1.9257722090871634,-0.4205866960879432,-41.10119609512067
0.3188317109307685,-1.6016045929014269,0.39956099600598965,39.10450155146143
-0.8806554065966194,1.5190472367985188,-0.06549295621617507,-6.454740737940852
-0.1263964686755172,0.5473189117663498,-0.27558749038764563,-26.84067307702245
0.0633771353681442,-0.21432108636504824,1.2088894626470499,118.0803197313554
1.0187151217089232,0.2710085150899401,0.41983897729984254,40.92817547140821
-0.09760473899722731,1.819550821146687,0.37607538209863567,36.78597936709572
0.7689330077205947,-0.55517780940931,-0.08055415810653871,-7.931879341232763
0.022076987972345075,0.54583616585096,0.6873187347358509,67.0151917154608
-1.0979023540602744,-1.6077103145565776,1.279144077669852,124.89975447136932
0.07590146426787191,0.9508220267106545,-2.206292788085459,-215.51609007984283
0.09929137562327219,-1.2087079265375633,-0.36930935743826376,-36.116333082623946
-1.83189513685313,0.12493275743103686,-0.9657527598317212,-94.3531355713083
0.30210767897496216,-1.1766855028666667,1.0500501174122863,102.69042605689852
-0.1279303988926528,-1.3762892125171422,-0.07742712926434549,-7.644185548124115
-1.0973055301620904,0.40305408314209284,0.059249239829713835,5.7981920793839725
-1.4254243522564212,-0.7710633120711714,0.18600881245509804,18.27036747906287
0.6372041964066953,-0.27469436074102727,0.7336831347710027,71.70736776306667
-0.6684170662048334,1.3736281178761496,-0.8714191253441431,-85.18133179548394
-0.6708295437975388,0.7072457911395472,-0.9411234695640117,-91.92083197963997
0.79141147783449,0.10538218497397149,2.1250036774328436,207.9847550480838
-0.21381462849424035,0.06014630831942912,-2.1121633952025753,-206.6243331056991
-1.3480748306394295,-1.1033452648221624,-1.67091876846304,-163.20959349204531
0.1128193975617177,0.1119701026091471,1.848234227228555,180.62017117203192
1.0617865445621002,-1.5169050386538496,1.137647747979483,111.11611909031805
0.9378783138928212,0.48211296641558593,0.29236195685335886,28.461243025173193
1.7907891997179968,-0.6995551450713643,-0.37074856450802607,-36.2815705301204
-0.4125669040540282,0.5663489986657431,0.7961531247762688,77.80092525862304
2.3925846841420033,-1.210203938649263,-0.8206450016954538,-80.16883684778054
-0.49765679035874527,-0.22647799289728712,-0.4009912072204846,-39.12684469908308
0.27339181818035335,1.2922241940972428,0.053205343724883454,5.4809553640693975
-1.0436855957438893,-1.2669347199143939,-0.2819830414090071,-27.63407456817552
1.0138367334185354,-1.0087605491301215,-0.21363565718988786,-20.965686553798804
-0.16555566346730488,-0.9564358355992257,0.4728036611205025,46.29901634432831
1.2301874438671812,-0.5091865272623523,0.6822304134211913,66.66933744827645
0.5277865832688886,-0.6535601212741409,-2.8093946009647865,-274.6163285383876
0.39275625898721384,-0.8078923884996995,0.7299864307338012,71.42084334031186
-0.4861264246410506,-1.0676274436320459,-1.0659445943391352,-104.16268917891426
-0.9030500448867517,-0.25233199776830456,1.6495307974721043,161.1109319772493
-0.1431009579942033,-0.29015240094374983,0.1674670712663696,16.46391950813817
1.5557235066542359,2.203923234556929,-0.6810743074099379,-66.48209188588639
-1.9918765868803388,1.0948803255504909,-0.00696884061557788,-0.6823086282297184
1.6501625095911632,0.47602864028338365,1.4589180331660205,142.58418181749568
0.17409619648639899,-0.5071062561183207,-0.5821382746325423,-56.72666941934681
-0.7188726205901619,-2.6260040536705227,-0.25176360817517623,-24.602325943651486
-1.7029861766585868,-0.027904992224137046,-0.30563993600625144,-29.755304296437295
-0.018404381163163466,1.1072656324606844,0.4539350191382331,44.2526160517189
-1.2302054480971154,-0.3193714488259809,0.1213770222971901,11.863116258631782
0.9301872715858186,0.1603492068016285,0.698546158476069,68.21594265753471
1.6420834779113407,0.22211204271116256,-1.2775126686834175,-125.0107278483411
-1.1710837629890842,-1.195163577471382,-0.897316673572012,-87.78164525049233
0.4419813873451861,-0.14295305932411986,-0.7017433305269769,-68.46783201378297
-0.2662751204184514,2.0290024777457036,-0.4471809410910853,-43.532874336466136
1.734299052098116,-1.2163238137027035,-1.408793515692229,-137.61463966535396
0.1301098893347577,0.17402601483932734,0.5106371247530579,49.8636213367485
-0.8681823982879182,-0.9796405246666154,-2.1294884509358,-207.96771411432064
-0.74508263562094,0.3450659528546328,1.0158748755662173,99.39786161718997
-0.48880620251236273,-1.2728290587241844,0.5181684248356551,50.72724074731254
0.8400812843269516,0.9778408328093428,-0.7493069847738477,-73.43282057658321
0.10821151640851007,0.06617086437993072,1.1327048990992847,110.58428215564604
-0.6460545779823976,0.27357531884070574,0.2585219784711402,25.278760994154354
-0.20580327401835855,-0.14918530193958496,-0.8494429990983705,-83.04223858678651
-1.8054346656821643,-2.0309595430175,-0.5024426735099692,-48.98964972863669
0.09197750192334235,-1.1221227059844292,-0.46891732895117966,-45.6281081226154
1.0896839872506972,-0.14636455313567784,-0.5454026087534214,-53.34882804181853
-2.0219801432655737,-0.014872272305957746,-0.010814647456817542,-0.9794256374748931
0.3226186981878792,-1.2404153324039415,1.6939471493917921,165.44874405107709
0.2829107944481664,-1.7063344774563456,-0.751410849105052,-73.3053584396129
-0.7560341594793698,1.3880031222154736,0.01845126241381601,1.8899530518539889
1.0230031727836955,-0.654085854512359,-2.0404367658652793,-199.2088840587975
-0.1381983450822241,-0.021607089996097468,-0.4372001004383495,-42.81174054012695
0.7579200884743778,-1.152676047065549,-0.34879089555434206,-34.01998887868246
0.22690928784475728,-1.8502793567054132,0.2171724561789299,21.254243923930876
-0.4292508906711499,0.7673679905016849,-1.311595049858678,-128.13446001668441
-1.483345278042954,-0.0797317246982583,-0.0805865340066289,-7.800239735470156
-0.43854931318639495,-1.2453653994283693,0.3517337529452411,34.334499445264925
-0.18433872335951318,0.22199730580231775,-0.0015876304119109442,-0.18433375386614612
-0.8797176679791373,0.3886701552296582,0.25078744851376605,24.38570284777956
0.1912120047264194,-1.020078935730891,-1.0972483513137894,-107.3816178402125
1.043503327808692,-1.4487927374550864,1.7232316812070505,168.34894604997734
-0.3121512986463036,1.3280731020236778,0.49970219117729153,48.7320105174357
-0.49378038932452495,0.8213714050003852,0.20584824207141222,20.107462662977106
1.7775065187884245,-0.38226523800271406,1.3234537811546268,129.34453064768624
-1.7929923780278234,0.5055560898614313,0.9705935605564406,95.01583726063521
-1.3707024788337416,0.4505929416934482,1.365774564870677,133.34083201793038
0.42504901898731423,1.3689102421271584,-1.3435633607090385,-131.17036396358168
1.6806038464456576,-0.6256270335395303,0.03979792565795676,3.960521526087697
1.6218440483833396,0.22769807807462902,-0.08384222898343861,-8.277790193171185
1.2438956272770576,1.4868213988818388,-0.3538690666688548,-34.710432415522206
0.20867054785408665,0.3606683096289574,0.3807317709029315,37.182700506920995
-0.8555159795322937,-0.7119135615783915,0.39498730836501433,38.68434222909704
-0.09751406012321026,-1.8738459597388921,1.4045880998976552,137.30057533260296
1.0074624686356313,-0.1308786723355532,-0.43652288203378126,-42.54999909908629
-0.9077739553389478,0.5553444497982796,-0.12341318860380127,-12.066541286558387
-0.08516175334277637,-0.0747747391126762,-0.16330213108866087,-15.950779229526532
2.209933819443077,-0.2837279362250584,0.7213829529341239,70.49680099056965
2.7157375744195567,1.1957555079232043,-0.30684707700789143,-29.94830657807977
-0.9034663412572854,1.4654441118195374,0.33302559395799014,32.42662532025184
1.0355506233944174,0.9417808986136214,0.4411056332586752,43.23890421235043
-1.1131355892709003,1.029578260546064,1.2982766242623216,127.04645663184031
1.3514491215732085,-0.5382022843194056,-0.8922497514791439,-87.04207921198035
-0.7339353968646825,-0.9362330070046214,0.9683664887767446,94.62654309967678
-0.45839759616623577,0.8936648673923716,-0.5017894077963758,-49.01448300107589
-0.22586222569712183,0.20289720146653598,0.8826321257223122,86.29152040479192
1.335348432210319,-1.591386400307716,1.0214689744288175,99.92333465500293
-0.044065181983799856,0.1617366486784595,-1.1920106649826112,-116.24483870513274
-0.02471215100453781,-0.027519233076709487,0.11558517811530983,11.384049767028854
0.6789920328412715,1.3409099784442848,0.315157466865617,30.584524274467892
0.5533168523831239,-1.2070571642075232,-0.7598954029739668,-74.36687356228583
0.40354622225135506,0.897125605910693,0.02946480131256972,2.807647015500024
0.404701014949744,0.5827612278766602,-1.3293379386313129,-129.7995958869927
-2.269087226625344,0.7498955847791889,1.5190314368195776,148.32689016520445
-0.4702326104234727,-0.16263123253922862,0.42209679854595916,41.359379221352484
-0.12909247322019513,0.1778135713716276,-0.42593808572874553,-41.539994613006144
-0.8263809351657696,1.4164659538029158,1.4924142381533887,145.77073512760455
1.3513126522485528,-1.4942891256846655,0.335547664491755,32.89370964967815
-0.7720768588679194,-0.41391370840940334,1.1489213684063602,112.2260449806584
-1.5287534750476712,-1.6202064789506339,0.0353412164397518,3.6111494731500375
0.3356251951791754,-0.4285553852553019,-0.8341256181644282,-81.42552780300491
-0.957094272740636,1.042388277177311,0.8687753702807431,84.94418772578375
-0.6592498774456261,1.159181180952948,-1.0100605260250337,-98.84854697038067
-0.5750087457803037,-0.9103983750660968,-0.04850079710061827,-4.726607854848213
0.6875992021785371,1.2387079946813155,-0.07911474350160552,-7.752656166175581
0.2606416872273129,-0.5736231656655554,0.2407282311885485,23.63249969375546
1.1970110678385262,-0.6746459289005455,0.8461260212326497,82.72527683054751
-0.44102414555517255,0.2717642460406483,-0.6972121698744748,-68.29858550001241
0.5138917650657532,-0.9932550253106753,-0.3496903020771137,-34.24647252107849
-0.5109841504782082,1.397078135793116,-1.1068786336436534,-107.92410757930669
0.28408002426097456,1.9441470148798137,-1.9705535422985623,-192.67323265279163
1.3393466086833048,-0.6291801280168968,-1.3660736304270604,-133.43135554858972
-0.16264253475412327,-0.6534735073437933,-0.27116779101831,-26.496362904192104
0.9329039834402441,-0.10312467118035702,0.2564291639453081,24.964728800998188
-1.2934101225499854,0.6282721736646777,-0.8568731687679086,-83.86823144638934
1.011664847225976,0.19328445844818684,0.1293028135352287,12.65525894794166
-0.5844769217715783,0.6197743574872797,0.9625717845624505,94.118992442552
-0.5196502709388507,0.2937786469987969,0.9212130905593344,89.93285281152646
-0.15347320890150992,1.235516344415271,1.5217464497489541,148.69278600597391
0.4408391686664408,0.7424770183238059,0.3166096805414229,30.913373800438638
-0.6535012104919031,0.5254988399562883,-0.23167320606983646,-22.563658768025793
-0.089371934972195,1.1579599866132908,-0.22151423679551094,-21.447579253975025
-1.6459267875512438,-0.6597244923905577,0.24946416325689746,24.3600519251882
-0.6846339618443759,1.9271180869510964,-1.7567923651363155,-171.5133586708227
0.3025879605110586,0.8296587931071914,0.09408533388548727,9.084748873431193
1.4302159399365286,-1.2090219295772646,1.096130051324,107.2109077091923
-0.3900595028986061,-0.433598380647381,0.8674649935701335,84.59581501742184
0.1573042645810997,-0.5712133862628856,-1.1985196837320018,-117.20434463051292
-1.320294646205973,2.4807105677254446,-0.24357388382890485,-23.781225817728266
0.48641680300973783,-1.035272174375337,-0.02721652845622208,-2.7035279569609516
0.6412565802271575,-0.31643194321048,0.47363832996418176,46.17656785904604
-0.31645891115781605,-0.5990709118660322,0.46308811835840225,45.37259221220998
-1.228499628554355,1.51566230705332,-0.6308116516929733,-61.67841216747095
-1.0178133475444862,1.5070129571582238,-0.637681395740315,-62.22173195276482
1.0840304657704216,-0.6935061799165222,-1.4835332913157786,-144.92032079924581
-1.3804821837205106,-0.7807226828894602,0.9637910840566901,94.26296066262049
0.8465495618167825,0.037182602785424144,0.696714643556973,68.13581532497449
0.2548133112017903,0.2893953497530482,1.3861853557232109,135.4330340253231
-0.021445012478334236,0.6817165652255683,-0.05723629420646489,-5.7481385082331915
-1.09990247086922,2.4543848820231804,0.6789627044187174,66.3079709327743
-1.2086443357298324,0.9557390885244815,0.7394314245537958,72.24085513319594
-0.9359806232436473,0.3211308296689006,-1.3071033013589204,-127.62078039001787
0.31273507239928483,2.775535470779582,-1.1699516628935083,-114.11933643411433
1.0060303016315193,0.9601231630261785,0.6760487116498214,65.95072503229402
1.6838652474646418,-1.7751751061706005,-1.3860492679766945,-135.35383005955373
-1.0754171421555103,0.14892732990975913,0.13811404141204672,13.454145475535121
-0.9600780302406378,2.452405180502276,0.16989880783059302,16.57690435718489
0.4158119772883424,0.8989726254830728,0.17149185486707072,16.79298194934019
0.3701607190905748,-0.21406459954629234,-0.2884397009364191,-28.34225706866252
0.46871576391963354,-0.6009291091349199,-0.10161127558288187,-10.049375584533575
0.606007192076414,-1.4044668382816337,-1.6524995141891505,-161.39561535866108
0.5219401296429586,-0.19446929886944728,0.2699278772878242,26.211818258518214
0.3268359540229505,-0.8112676524941907,0.03760247259788943,3.8078363033337514
-1.1685746284848029,0.016800378151596577,1.3830240514280576,135.04596263714106
-0.18419485843331426,0.33338751588609306,0.346562968151015,33.7890185141684
-2.2177108270446206,-0.04429683548665,-0.0882869814944322,-8.389877575120448
0.2325624382136909,-0.9590850392330091,0.3327536119301739,32.5663689496486
1.6902658542956785,0.8611237067770864,-0.5162124137095219,-50.437613327292716
-0.20116345382691017,1.59969361784417,0.15718796145558278,15.178812790059618
0.5494234050817934,1.6388254821974004,-0.7818663715626378,-76.44816871443426
1.1931246185222104,2.333428786170371,-0.8753493454402269,-85.50980407208773
-0.6652088001199511,-0.5912497520789007,-0.8491806513675706,-83.10763626118354
0.01774697444880643,0.15072237054246843,0.9165035758368795,89.37784841978728
-0.15460687978005566,-0.3658525978200014,-1.0116070503596473,-99.0503558697515
0.8286150731756582,-1.8591472454786573,-1.0152619948980084,-99.06660750566867
-1.1962063348978642,-0.9464212174603595,1.0711300681289655,104.77190316494433
0.9463799272499588,0.9553658167017449,1.5983516870999825,156.49808573834503
-2.3368441091677923,1.098083644020828,1.1825734978474545,115.43284637487682
-1.6556494213064283,-0.3389001908941558,0.4061486634352454,39.5713192982258
0.6565652631714968,-1.585815098074697,-0.2007888666215377,-19.394206711097997
0.007506239590049621,-0.700585311812992,-1.7713700659790506,-172.86679096111072
-2.394487535462635,1.2210540680116202,0.7717268708898646,75.55882326919843
0.2243304120564601,0.341834794179069,0.6823013954077151,66.59843796568582
-1.204888116454669,-0.1284196116058985,-1.7354913864288455,-169.50320535075167
-0.14916892354363717,-0.1253349130826765,0.8560482978932178,83.56225859995257
-0.9325615073683186,-0.15122048755222792,-0.8130426844556579,-79.42973829286352
0.4221772209342013,-0.1707822441965583,0.6783496820924031,66.20643678949968
-0.8516853390940874,-0.7288044570862352,1.2457163014845367,121.78467691418493
0.6824798389722299,0.351722747983351,0.01532265224247444,1.4262836344107044
0.036529589120349426,-0.9492638638664884,-0.8533039781620788,-83.42580229605134
0.21902817713991574,-1.5690231631218212,-0.9011133618333628,-87.8901866125627
0.6920231702201045,0.8312827314767858,0.23172877808683226,22.61984051948482
0.6615605540855245,0.480710836734382,-0.10882396591109839,-10.741227835703638
0.9239511959297105,-0.9555021341083182,-0.7605993993515924,-74.64455793973391
-0.20665014586922334,0.6915150685335331,-0.16806728650548589,-16.349967283868448
-0.4403098976450251,-0.7639939922077039,0.7447369529158416,72.81667616302695
1.0307804937950118,0.48975077725919997,0.3399786799774316,33.26698453574452
-0.10026036576868239,1.126264148427346,-0.6542900996856281,-63.825208653709076
1.0317713401270472,0.764034689183843,0.6034086457747374,58.88449298482727
-1.360471281165336,-0.8197903467210399,1.4925930641970777,145.78434581571912
0.9418187295974634,0.6044320349460719,-1.0892290095367936,-106.32709228190228
0.40244172805590583,-1.0269438503972859,-0.2733401564087252,-26.674733360933484
1.219056426844036,-0.25464419073902095,-1.005386026743732,-98.18490965479108
-0.8942833016075689,0.30827355780919424,1.7515718167050387,170.9902216303398
-0.3300612948389543,-0.6037500670316331,-1.8022794646151434,-176.2941896731589
2.0357055944342624,1.5782424993755484,0.6328432720268371,61.615722425275806
0.48176394027008984,0.4646449551110379,1.3107048345884096,128.01553161049068
0.4098134129431348,0.5190212855932305,-0.3556346206406497,-34.82241638512004
-0.4492963562134359,0.7985323229874713,-1.5093668222971226,-147.66581752365724
0.2745270864608867,-0.35242730640979464,-0.9462252461334815,-92.40303518271875
2.76393144082012,-0.9016697768470574,0.566170930537962,55.37661116419281
-0.007629533462705994,1.0667655358342127,-0.12922773276671562,-12.545200257540861
-1.6493991945935114,-1.3237011848972404,0.5636192294791378,55.309904442518175
-0.7417334222551423,-2.038332161535936,-1.1637317502932552,-113.67585967433534
1.1706570081838639,0.4393897357184074,-0.29697525497095295,-28.8752541361351
0.021788839478730924,-0.2643907459389638,-0.2564568792269921,-25.04548027499742
0.011200086089967856,0.3805613445796547,0.8845323032700162,86.36505773147798
0.8502363760844849,0.2869009925260261,0.07193258684221226,7.277480293398359
-1.3695206479766207,-0.4406481246669306,0.693113009137262,67.82398233020645
0.3796091987493898,0.4799975411358757,0.06231590742376061,6.045950409829475
-1.1179681336871696,-0.2585850200468641,0.4938507259698088,48.292850399427365
0.051740983984718526,-0.6077676530403192,0.22869617991788793,22.23024065442345
-0.7452373321057902,0.12690912434277948,0.190466182088701,18.621577651708662
1.64669524734571,-1.6022572719209205,1.6822029106116654,164.34033678321944
0.06148780708099383,-0.1327246981746736,-0.7595419702548194,-74.05785248436214
0.09579143842145466,-1.625091540183349,-0.1278463913907061,-12.478947491938492
0.5375172907277797,-1.4314446685295015,0.08778330807717324,8.459315825359505
-0.11642581433839128,-0.10223334771337425,-0.3631168286071319,-35.6725261267043
1.3701165231997006,-1.3289114115700558,-0.781678384845879,-76.20756246960215
0.5087658496600014,2.0578830445964216,0.29059822613875524,28.4535238323947
-0.11038840388300818,-1.3144024718177985,0.34780695301238085,33.89129356939022
-0.15976095408850619,1.0803012496858653,-0.22941632485961297,-22.4614727218858
1.2907468965247146,0.8945409942817496,-0.16104392757476718,-15.869747307018221
0.1169921480793479,0.6533170152869617,-0.5279652710505174,-51.70681906698329
-0.41306187124405663,0.7252019412073119,-0.8538825082994117,-83.46458558777842
0.2588436324761928,0.5206581285167038,-0.10000502630581411,-9.777978525059586
0.4022129251635707,0.6780639176239123,-0.9394602948980468,-91.86314787532767
0.9706154692572613,0.8789836849004109,-1.1448147593494777,-111.79873504765214
-1.7174141164832888,-1.202578790192194,-0.23011892863202443,-22.60629647332439
-1.2303744006692952,-0.2224967440789436,-0.6414586748855063,-62.872654598611646
-1.6657088989338062,0.9370956832823724,-0.363424104663197,-35.549554844868105
-1.1460240530271448,-0.4502589748546704,-1.470620519935311,-143.67675403418576
0.10888417411948641,1.5078807504365628,-0.26470543775385735,-25.730496021988607
-1.1649143824453907,-1.9985545438058445,-0.6924739805671355,-67.8327923833647
-1.1068334676677167,-1.407054894628968,-0.35360909618041414,-34.46807145256037
0.037229804358620375,0.48254890062385347,-0.14045091149336922,-13.903642746601967
1.3445288924708656,0.29412717108058867,-0.06619605586212383,-6.60318652642012
-2.18674553890513,-0.5865275939020675,0.007919712851002264,0.676020366872667
-0.2170646177251846,0.6004871737022943,-0.20918176453562434,-20.434799948532053
-0.45496468351635416,-1.5118359432015394,-1.3060620443575204,-127.64244817655192
0.11946753055696654,-2.3841687615151654,-1.0952284300188517,-107.11843993446676
2.070116642586866,0.24660519530299427,-1.963684451263286,-191.8464495323756
-0.952215617201455,0.749901405441128,-0.8170932552451686,-79.63164052332536
-1.6369614833380675,-1.212908658903698,-0.10103859234014574,-9.765474046014923
-0.27206053013372417,0.2790925433741852,0.379360469982929,37.09758312285094
-0.18112061288615133,0.07638253792299407,-0.6213708224519008,-60.71082217493182
-0.5347459176470027,0.6923577561432233,1.029243210353817,100.45688159744826
-1.9156980864280335,0.002121947176954975,-0.602226638821525,-58.6899741055279
-0.8151209935893264,-1.2685062735035402,-0.20876591245527149,-20.503696095595185
0.4697438265219954,0.5251495050625293,-1.080417143204307,-105.63082675406196
1.135230175643194,0.6351221426816481,-1.0701965559714992,-104.64350116611566
0.9056624434311359,-1.9341786916372248,0.34444678559505965,33.528396363349884
-0.13170291149553204,0.21779260818461463,0.8133079063113157,79.56027652395609
1.800939605490566,-0.898222437965533,0.35885802001842676,34.98327812550687
-0.5314110600740294,1.2793752051992586,-0.12949324393307698,-12.775724412038352
-0.9743274708572751,-1.8995726265233366,-0.2817423417256321,-27.513848455509564
2.040242992736922,-0.42532613941671166,0.16277292417469175,15.852743813888146
0.8045543669256722,0.7899534669656261,-0.2669075863072679,-26.001776682917747
-0.8186561461237017,-1.300605552503237,0.1067074483933862,10.514709923553744
1.5919156964008576,1.7497354958707012,0.5593591278063179,54.63204999761615
1.2578265298828126,0.8394719245172834,-1.6707577561059945,-163.37144971812427
1.5608016825999222,-0.7110597407751712,1.9139125854531562,186.94797123394488
0.1739336862880396,-1.4512632556942437,0.7194342322019947,70.24106674722148
0.34647248143995046,1.0640343422658434,-0.48293235083312247,-47.27160311466809
-1.2218209984937558,-1.5782493750625186,-1.0200089260213518,-99.54160206415163
-0.06235154965450876,1.7834235272064636,0.09414863754946715,9.246531615545305
0.6928402195268785,0.196603342761216,1.8435853664551767,179.9501130871592
-0.44267875152421604,-0.5066775519999435,0.1906436016665054,18.50770234717962
-1.3497314425776128,0.019658370008280787,-1.489443755555828,-145.58524817672242
1.6333492850573985,-1.8317824408309356,-0.7976259946805015,-77.8966573933513
1.4820906067922188,0.3612315344969155,-1.7639431538214125,-172.30798982924694
-0.22403953767327042,1.6062040143490885,1.9359537542897223,189.19440542401696
-3.2317936266024647,1.877484649693134,-0.4251759814358059,-41.62912468112501
-1.1445457505339167,1.017881869877643,0.10884810885248011,10.581978839718248
1.146526881773967,1.9357450004069943,1.6618656933022138,162.29446543467844
-1.2096185643572135,1.086051969730694,1.3887960530495778,135.72952965646874
-0.4525856728929185,0.3225353311442082,1.1372223242475288,111.11432806166454
0.26990429969183516,-1.2175072900375323,1.8315903005986718,179.13776069975845
0.09353491099300129,1.5191493963898461,-0.522649330938331,-51.23596068440382
-1.4530349691641926,-0.48637674618113524,-0.13342152170647528,-13.048627218033817
0.7113426211378991,-0.18444575665856677,-0.2928000707265293,-28.66435372168608
-0.7007934521385082,0.6663525455761404,1.3129808391098736,128.26442812946627
-0.6916689199615346,-0.9412443477492719,-0.072205010759314,-6.941390446444307
0.18075977601802104,0.8621315542073072,0.1537308603165509,14.941360281507013
-0.32946670664480915,0.0017023514691733052,0.24398885946999638,23.92060038889699
-0.9033914421423074,-0.9224772978128893,-0.628361736261322,-61.36342502188824
1.6431727562437803,-1.4620219198227613,-0.571696224938486,-55.923533453272384
-0.3108076219996364,0.15425809662438894,-0.7738168120330715,-75.71313813440281
-0.7265502936262874,-0.1918584307868547,0.021081697474117582,2.175948985805958
-1.890476639022284,-0.41669020955369407,0.5382465193858075,52.34306675330592
0.2632081104129677,-0.9151909629289693,-0.4376308929062992,-42.736450626106965
-0.5835646684992949,-0.3411725555336597,-1.749359732529575,-170.8321597586966
-0.8211276577950486,-0.6228016922263285,0.8577674113624858,83.7885937543374
-0.36200168256136056,1.6354174577728562,0.8584432746552477,83.80029878616213
-0.42656354125184137,-0.619403769843653,-0.668323452024506,-65.27881968115557
-0.3996045854321338,0.060570772167111944,-0.6242141168914918,-61.13695553832809
-1.0835008744938872,0.048814093661256046,-0.33897261514982324,-33.15090894373308
-0.3417487321619046,0.8955822732345391,1.2136106382824028,118.54426623920767
-0.06981026228739702,-0.1292173557606089,1.1651874386450338,113.69345460770978
1.6671603326366273,0.24660328599304526,0.37075393146806723,36.15674383073595
-0.0012678522188654831,0.75391285084217,-2.3584687554100534,-230.5424790534155
0.038504224873065436,0.2992916641706219,2.6323903396104655,257.3825445630625
-1.3783979590608837,-0.5829270557919168,-1.4668724694120787,-143.36451478930263
-0.685513146732371,0.23619710248995623,1.4824527407371937,144.89978498798527
0.3924345909836858,-0.4357807470630172,0.4372839579649327,42.89058455551365
-0.014329915133437924,-0.5107757739703885,0.44457513234099205,43.397665189824494
1.2429324028172957,-0.5809360528001896,-1.1533653864429156,-112.59128435107498
-0.9270884469645002,1.0795270337006952,0.27293863273010677,26.5759662744623
1.7756034198662973,1.4302376763358244,0.8884990361961996,86.7668434327304
-0.6990120110431077,0.8664572798063271,-0.32852205481637775,-32.27285991703355
-0.4881093024275055,-0.09854537333016354,0.2829498879730863,27.715248589856927
-0.05018415649825129,0.4551182660507844,0.3939857850226617,38.3833732623497
-1.8493420865353376,-0.7778129239171585,-0.6101138935947332,-59.62815045430545
1.0218541465516835,-0.9939417089586655,-1.8795584722203484,-183.88085474542612
-0.5627292540133758,-2.363001570121992,-2.4522303162969323,-239.64315851303132
-0.3674364124958481,0.09989631600624249,1.3187164653500127,128.88511371859383
-0.2833378070323347,0.6014602770880528,1.3513652976052075,132.07658699423908
1.2567581605364135,-0.556928542986404,-1.6783088669891704,-164.10859052297388
1.7663448000644715,0.34533006087087426,-1.233517413204393,-120.30120438587583
0.12816037440107383,1.4102428259693458,0.35830504895756865,35.01370073724178
0.9156364995327123,1.041093702911428,-0.28915339486920394,-28.39445372704189
1.0973019191085402,0.01761475768547415,0.4665546741047836,45.475258807721815
-0.07114114496725307,2.508949186390392,0.12447625633060785,12.12647617145212
0.4788240097516501,-0.5445407567370815,-0.1839403995531111,-18.007957317545475
1.0016272393120824,0.158767571138064,-0.9571994051346028,-93.38376287917959
-0.7921103301341661,-0.726212301916972,0.7023689085772512,68.71092008213647
-0.49777681736967544,1.422493383520504,0.31290487272198836,30.452783860564423
0.9895585304034421,-0.607883758554128,0.4988476122496635,48.828075105233914
0.15124398840039116,-0.9087183543093187,-0.9680230805607786,-94.76283534715486
-0.38962781876708313,0.47113926345849855,-0.5455368610687792,-53.29874338485922
-0.7841886449444379,-0.9910631312320828,0.11313671263301567,11.124369736949262
0.6506565862355076,-1.3207097103036967,0.7490460832905019,73.23899292462391
1.0657703711325652,1.4800537484633698,-1.4578506710109915,-142.42305627731025
-0.8627118840610227,0.29723876524248033,-0.32075570716521806,-31.34388781014621
0.9163514434906673,-0.399326623104561,-0.5700350958263308,-55.84501258471841
-0.1503245342064708,-0.853228854487135,0.7006204744193039,68.75063263402588
-0.1612208885533417,-0.8127890427186019,-0.5037044133769502,-49.27640874755406
-0.513459208440458,1.4678258872916436,0.5946037363634479,57.96295454756485
0.3935166782114504,-0.7213149089173195,2.1317843083362598,208.31726206824308
-0.10273687985105026,-1.041195040550648,-0.4540022230850161,-44.203022382270355
-1.3647496742962248,0.45575736616019796,-0.9384517820539507,-91.69106674521258
2.4753257914216804,0.08372046739681792,-0.7142809783628883,-69.77456407599837
1.2705252640917284,0.43821911158042903,0.15325419095296816,14.965918916024266
0.6658085962682468,0.14344953634900706,-1.8034401848287958,-176.11098394629101
-2.066155690251765,1.7816124728334022,0.20790041466475037,20.529447960737652
-1.413466247929297,-0.718896110816206,-2.0195333617592164,-197.27432322810392
-1.1207172991503138,-0.11139136437007018,0.9327217243736505,91.15361990434639
0.33345845291080434,0.8374126984361908,-0.1967062906547679,-19.10064965358599
0.2339879731910952,-0.33393387751858167,-0.15563554473228178,-15.202041324174088
-0.2996008161465902,-0.4169928393170134,-2.4662335951482506,-240.9309655645398
-0.6147594553521492,0.10757942600311642,-0.07162855463227667,-6.87191243289403
0.032261731973969004,-0.7901245393379754,0.9225507722666325,90.28503332588555
-0.5436989415087414,-0.7106982252684225,-0.03520825822352031,-3.5636353652380626
0.8243510078959099,0.730664251192792,1.4080202743628605,137.625067234146
-0.31445122858989366,-1.0047406655719204,-1.6272767640120713,-158.87949204390236
-0.6474488191433837,-0.24810689259461716,0.5258691148274789,51.46785407623798
-0.3604190340492838,-0.6571643556591429,-1.0164029969413904,-99.25107205430828
0.6191459593605786,-0.5562679899191594,-0.5586945067683033,-54.5010697200002
0.38639082679942566,-0.9789373873198625,-1.9342134382765905,-188.98632941262076
1.4838160354786094,0.14667334025746748,0.10175116610812929,10.04077480267435
0.7415289832516464,0.5714301362444246,0.2987113811810815,29.262989302932475
1.3656084432830033,0.8874510340066875,-1.055219429464924,-102.9890818987161
0.5554831391371396,0.10615100301601084,-0.29440269835353833,-28.608377012845754
2.2033734728082086,-0.3310421560748912,-0.7534868954403557,-73.66045267446222
1.540915793794513,-0.0035899241587580076,1.0883911579411585,106.37192633638969
1.8383677776417717,-0.5665402900042632,-2.6925830429677884,-263.1271583042176
1.2695492354036628,1.210533282843981,0.17846909120305274,17.559317933714848
0.7293021008368438,1.9294456483061315,1.3485183086854318,131.7902226590598
0.08003066858018033,0.5028733632543257,0.8535468770075226,83.52786086176863
-0.1669704525432116,1.278349973970009,-0.5852715495936551,-57.12761761479655
-0.05853454359846325,0.24169188755027918,-0.737094962761407,-71.9419126968923
-1.4478578059644376,1.0077207587250347,-0.271701414834157,-26.54156841348466
1.482025612769196,0.9316740125155497,1.0032620958946195,98.20637272908164
-0.266859431443864,0.7496021833804863,-0.7312960218156928,-71.43487067036017
0.16138723457851087,0.6806971863574913,-0.18948540540978814,-18.70622603953167
0.14378375705748747,-1.9172084003311143,1.5341118555653934,149.93178799362155
-0.5177516860461915,1.2975215318875568,0.5709377723860444,55.970589422807535
-0.10431813586092349,0.418892748474249,0.8206178538402736,80.32834918152845
-0.7529950066778145,0.1549840999294533,0.6198641838903057,60.39633229014996
0.7855927080470108,0.2277341209013704,1.8069299343984466,176.33817481659702
-0.5586203816531893,1.581059254126597,-1.3134699914254888,-128.23099655885463
-1.2462887856539737,1.6936512745815002,-2.4646979265924616,-240.82576649148763
0.2592995214051905,-0.8971586432626341,0.11098327769970477,11.037571568928836
-0.940780204824751,-0.48131841464239444,-0.1862378094710687,-18.15010943414638
-0.5916935098243443,-0.931751614895618,0.5341898843581017,52.18052325547997
-0.3947223262564873,0.08671629225602386,1.1187565514913465,109.28038687345668
-0.46993396836254464,0.06534685207760267,-0.5446682056684737,-53.180583864506126
0.24351341446542663,0.8494660453198434,0.6427792267610315,62.87788204210363
1.2372798961450422,1.6613591948377904,-1.4650344076953374,-143.19112631516444
1.4252171583454318,-0.2969822616524028,0.11842104137322473,11.534116869079257
0.13515351849577353,1.9456470561946224,-0.4226600992745822,-41.15489348735842
-0.2555255784671876,1.6079455842006745,-1.4705811221432068,-143.6549879915251
0.2089505645837179,0.2239065226351236,0.4334375560836492,42.28025637804406
-1.3085674230928175,0.6923952883398636,-0.1471310620755341,-14.481228128530017
0.010756621744341964,1.754141423198167,0.5903627992595192,57.57787868265808
1.0137051344663324,0.7732254387086048,-0.34208238069021657,-33.50441515369885
-0.20726369638374073,-1.2293386788683303,0.58962342581781,57.59888473798999
1.370988733155705,-0.36530282540674863,0.1058332316837826,10.295931754616992
0.09022068504412842,0.44724771114208195,-0.2536967387508132,-24.694460873823296
0.28398915963861404,-1.695617295352939,0.30851932793583586,30.06871868968769
0.5181124027642873,0.7878239693275978,-0.4036390241819224,-39.40192182556815
0.06091484141094154,-0.0006911318521105635,0.13341553929900438,13.120547646767356
0.6560073848498369,0.2732720338824075,0.36327988439128156,35.50162653694562
-2.200273179419113,1.1479550031518735,1.5559340165605486,151.85966594761797
-0.6530315521088128,1.4561008892611338,-0.11528064548446176,-11.32578450576178
0.9585215445754416,-0.40191326932325616,0.2292477926238196,22.575386922952948
-0.19330376339453945,-0.2485984934015247,-0.5372202175126435,-52.53881137037451
1.0164952530411022,0.5060601534183037,-0.8722625219009783,-85.20901268344365
0.014665377270534416,-1.1512029478234107,0.6343007128677657,62.022973699583986
-1.0924062926019802,-0.8583782046061393,0.14033301555949723,13.851859096305889
1.5143203703912687,0.3564976968466421,-0.7545347393828367,-73.7300189661497
-0.33086939965682427,-1.2169640254840164,-0.2136461481278342,-20.859830757978127
1.7656277147320227,0.34336851938198637,0.8367417337244091,81.60092202422348
0.1748567807400602,0.45008544325770156,-0.16791098148985084,-16.42221906255852
-0.9997037311133501,0.06271877380249623,1.4711285726931789,143.85504942341524
0.7119198373655076,0.8102768947310638,-0.5504430873983853,-53.76736122307458
0.009069775731053093,1.2370121028917265,-0.34606172485856884,-33.94258135290045
0.7675018115888281,-0.20306001974437682,1.3140227301827538,128.38657709327765
1.5249193451779677,1.578245049804664,0.4136124233248516,40.495933138167125
0.1458231745097121,-1.5846559782200467,-0.4873665182188387,-47.73247771569236
-0.26193694093826375,-0.7630271392278313,-0.4607064393602882,-44.97993838300077
1.6409776033788435,0.6762235512294265,-1.3546022577201535,-132.52093809076044
-0.5161736959368192,-0.5426125715929159,-1.3778543646391912,-134.72380107658157
-0.9913156116441769,-0.5481494768741507,1.448034073988598,141.39139150448025
-1.355817835499273,-0.44962174136536304,0.34623535836818725,33.824729613064726
1.377142837379596,-0.03315272820207396,1.5995649463358528,156.25687895124966
0.33446682970050046,-2.0458533639158567,0.6900809454192648,67.45352280141195
-0.37237460868426636,-0.38592252126262033,-0.29652739298440445,-28.90949747081537
-2.039731279453685,1.6439254413095785,-1.8475096208012112,-180.75505542022378
-0.025312026461942343,-1.1673074935118002,-0.35749953614609536,-35.05577751415941
1.3107697071037512,-1.1251699134778184,-0.23652288030459653,-23.100806463871027
-0.7128946594082137,-2.0716938752732226,-1.296468241406473,-126.7842659632997
-1.063800560006047,1.5904295257943812,-0.42104503151329253,-41.17162086020582
-2.925340758413607,-0.00721935867938109,0.5137852993722734,50.27022477865646
-0.9000400309065527,0.8148652636618333,-0.6201430668616758,-60.65427952421176
0.1140503445475396,-0.8092801171901014,0.34537277857607357,33.802319961980594
-0.5500054413779255,-1.6455457562183475,-0.2572059838467248,-25.355145194754087
-0.1791360549099271,-0.13463426774795414,-0.4138393931430174,-40.292535815619736
-0.34804041196603897,-0.23897135369393183,0.7073672407271766,69.26795530602848
-0.35350849000907036,-0.6869560592781944,-0.004674256244450472,-0.5414380245802521
-2.445160780761201,0.3590778331883452,0.2648403148449014,25.792587263691534
-0.41851372839051826,-3.2563368775079096,-0.47251713428220476,-46.18037149844804
-1.2520090767073695,-1.596573688092783,1.920665278936417,187.75228154804907
-0.37673361521592197,-0.978404282689079,0.7724081362150013,75.43002577320448
-0.8816748336793028,-0.24711501154435617,-0.8407124930945704,-82.22810507082664
0.5627894930689658,0.4809601445583761,1.0153023116491589,99.18109734043517
0.5865900833937194,-1.4157919436838202,-0.8085585146498071,-79.00622458781172
-0.6915886391589406,0.9100601384301285,-0.5826133123122176,-56.99381578742256
0.24614631094559972,1.5405519458203116,0.7800172536909071,76.33269924043223
0.13997564234476564,-2.067600616899233,-0.936783841329977,-91.61045728445222
0.2829990008443154,0.12029153176126288,-0.21618992826751582,-21.17810372387175
-1.3812436928896419,0.4486814567814737,1.514021695480839,148.065354246873
0.007502100840162164,0.008612865020352412,-1.1960646595883118,-116.78583365229368
0.10215129980269168,-1.1466639752211223,-0.12032734685218337,-11.75495673471051
0.8889278852286958,-0.7349370163303061,-1.0893225869628282,-106.4832752216205
-0.08722496461688736,-1.1776543973208726,-0.5980696380053326,-58.36458624397461
-0.40104247248578884,-0.8038153868342026,-0.5803715198083474,-56.763136172345995
0.7373925920678452,-0.8703031038532223,0.32706376177372337,32.00450125742694
0.6899859664116452,-0.950057312140875,-0.3056581328808457,-29.789294008035483
-0.5527815025391641,0.4659935461633618,-0.9633588220258555,-94.17942142607087
0.3629411955634437,-0.7329268909739055,0.8975491602386662,87.6489615899066
1.4185880309052035,0.0005942808504631231,0.32504049957296904,31.663267247800466
0.7109204382668375,0.054347419750672935,0.1081258037634798,10.413250571493856
-0.8801395254044747,0.4134512622726026,-1.234005360287385,-120.63816055672136
-0.7467833292509265,-0.20013752887202257,-0.21088085682186156,-20.6105988460942
-1.8251152456513402,-0.29286512766073675,-0.29278558827537926,-28.49996158235077
-0.4691511663909572,-0.8387803907484704,0.8718876287523005,85.1877775451102
-0.255897313939221,1.144881262269793,0.07922595705237458,7.662439663271243
1.64973736951409,-0.38035383514779253,0.7185727320230174,70.34559202656624
-1.522748463605501,0.4401821821938326,-0.8149298040516366,-79.67388098060188
-0.035325901504262514,0.13298864472469565,0.4462368232311453,43.64025958489815
0.9334730122258509,0.8565823941580236,-0.29282114250919195,-28.848831770035137
0.4162118637766685,-0.30567251599998885,-0.5341007214726234,-52.13619983103628
0.4346459661564393,-1.4423895374790785,0.24304117511323475,23.735881895442667
0.19523504732833175,0.23025772055162322,-0.4804093841700911,-46.99887020458844
0.02566971604053498,-0.1573408481815532,-0.315410704552759,-30.7884432477922
-1.9148175422154206,-0.360521324571937,-1.6786514224986688,-164.02843656526642
0.40337597362205163,1.0330334560890844,0.9442213801320324,92.21583417434219
0.7165369383025892,0.8617369123694082,0.8617283991586505,84.34155702983794
0.6246450436843287,-0.1463146137085359,-0.8740567957684076,-85.34215350192378
-0.12486810417828866,-1.729527621946621,1.014808438966405,99.03752828070866
-0.23659248195337748,0.05680601853903132,0.3582955625044191,35.06935736910589
0.18226840069875816,0.510539631065122,-0.1141818614060845,-11.27036582523796
-2.8061315993846168,-0.47710267474187223,0.632801111931953,61.726226404915856
0.4401794797367212,-1.4557895604671802,-0.9546769411539523,-93.22860756085058
-1.444602333100845,1.4543653820097666,0.5287754423998549,51.643209543088055
1.5841841298275579,-2.210845222952863,0.19420085251103894,18.916284902588064
-0.8387300275413713,0.04489193691048029,-0.38127023630501106,-37.16499689811447
0.9110539300662744,-0.17022501671706497,-0.7984722312116899,-77.98490167081017
-0.13276770881757755,-0.037927479231087816,-0.19638226276711757,-19.285358889849448
2.5918778583006814,0.04967678844203717,-0.525457930305728,-51.18012291755595
-0.4261791381124984,-0.5349996404534176,-0.6645521418173992,-65.04641813859705
0.7499241247829694,0.10525623157293625,-0.3828769705480413,-37.39477279675512
-0.9227757503005111,-0.374947936233191,0.941683022513332,92.06571231077783
0.18375927092765457,1.6644187625912568,0.4810516562255897,47.03644237141333
1.6286831173154195,-0.36148232874872754,-1.9354967619967725,-188.89759033456085
0.9984317895246845,0.5615994325422331,-0.4346297556843152,-42.3766249540647
0.4244635720025839,2.4459971780003693,0.41080361909965046,40.093052931202685
-1.15907754802613,0.6079672798049917,0.8750845209534897,85.50547061990414
0.3955129782099193,-0.45629194000848167,0.2567101280509276,25.106006537655617
2.8212793285546485,0.6842993439231871,0.5358387941392835,52.31378817983645
-3.178436473711706,0.6591697740687837,-0.23727976098952686,-23.019063648220012
-0.2909926343440093,-0.1651886075694204,1.8400359927266894,180.0718611117662
-0.3435648013314139,1.2769498907613284,-0.6372874131164903,-62.13998359791426
0.7944506795279516,1.609910052273534,-1.329728017360766,-129.94401688927456
-0.5641013553583676,0.11934462131136797,-0.7707806317731336,-75.43490301949089
-1.4080285987580905,0.47306489847333005,0.7166315221164663,70.31240514598387
-1.0021573102680312,0.5735912939074997,-0.5207664010406926,-50.89820699496336
-0.34152511732780194,-0.17398043790962203,0.7818867041038012,76.5515947759845
-2.4460260048881532,-0.7236837464125956,0.4336805517993049,42.36928698983368
0.4227613465221498,0.505757069703506,-0.026951322647794318,-2.8078675903564196
-1.6993464065111257,-1.2392064051999632,-1.1704539330006305,-114.32221436274422
-0.5206572241941417,-0.718032334844759,1.2624126180677484,123.30531331199346
-1.2783781640630156,-1.0752649700335761,1.1859634722572403,115.64087748748236
2.8768281382016245,1.5059658605200612,0.15085778415179216,14.897569822295536
1.2477293810161025,-2.2020137281654724,-0.8218765745035448,-80.45521786618112
-1.2910017806877014,0.11591666652116325,-0.07025773533152126,-6.990213009522286
1.0065695265730936,0.4434685903462622,1.2125724997090241,118.56118166539605
-0.14940491082553622,0.05263586479819903,-0.47608228839943567,-46.61491085829851
1.1313620695436797,0.05721366845061777,0.8772403557036004,85.62447766846859
-0.6837371439154437,1.7929238658181137,0.4918022848569734,48.034235705532474
-0.016213270805087405,0.23668248648506815,-1.6387625037678129,-160.05011348841632
0.06889857756298232,-0.9602088776239488,0.15639113047946274,15.219402381778927
-0.267706432416384,0.2897255555982747,0.058984673042385416,5.804692386848836
-0.47260869540942707,0.8410787965343174,1.512761755005667,147.77953144758916
-0.3985018843116403,1.113240766514316,-0.24772642187483285,-24.22950366905775
0.6112518344751409,0.7395770559603351,-0.4829431172276428,-47.16934944204738
0.09162103452081431,-0.3432797361511822,-0.554258148779695,-54.09946551181337
-1.1852812680683271,-0.13115386113396954,2.0551047110886125,200.82448917836223
0.8243205516821163,-1.0382698934062313,0.8448813046190583,82.63029056915589
-0.8156836761828842,0.48816044982036155,-0.1476306489618006,-14.218518398285275
-0.8749974976319147,-1.328588279063825,1.0869208400052095,106.13242197298928
-0.24154867093719085,-0.6041554225862253,-0.14040267820860017,-13.84233178763965
-0.662044290661887,0.1828650384773607,0.7126097934454599,69.74659554598786
0.45616245714081516,-0.6872538647327177,0.7748203883542463,75.69247138409739
-3.1669221372934246,0.0947474195178249,-2.852769573886972,-278.72942934965187
0.3713807985281126,0.86919689686113,-0.7691564891407966,-75.19045318883859
1.1049359282082003,0.44146187647488766,0.9796918730843861,95.69887178958204
-1.1265091192055807,0.8743134066608853,0.09314441298487096,9.068797301414625
1.3843860407187172,0.1207627293753431,0.646086691523759,63.296428067514746
0.9802134598455294,-0.7576281422963101,-0.8640305020854704,-84.36878481040591
0.5546451452086892,0.829472909757795,0.7671423292212446,74.79052479549124
1.5883240264789569,1.4010067803476487,-0.32360372814168337,-31.712820240850284
1.2387088928572472,0.6109909307204521,0.4825635475225607,47.31532906321687
0.017657813089219262,-1.1889216411134347,-1.0433761767524206,-102.00477961561441
-0.5571232956538205,-1.877043786274871,-0.21890095892403486,-21.318168769262236
1.1093181256939588,0.5883904462138182,1.0134812436846363,98.79665515590442
2.4677546603084486,-0.8807365695951463,2.4588843354194085,240.31430355443572
-0.09678415830991538,2.010782573607277,-0.14944993707188436,-14.80881030527339
-0.42614210383267465,-0.18264205897390062,0.13137213838805023,12.755762314657536
0.7741629092482434,-0.7331885760119913,-0.20678986163170768,-20.17264501972282
-0.2619761490193583,-0.14614588846473164,0.0008550355586605987,0.14643175119696536
-0.3637375011257383,-0.023842043368390988,-1.6547068770638789,-161.72583036187527
0.8321010915525849,1.1882466374657588,-0.1007729709773548,-9.864219147878028
0.8073887297971095,1.5440189220711376,-0.03554168650962038,-3.356821361475347
0.22560784908575887,0.2506895338857291,0.05759363510739611,5.576912638017621
-1.4322986521120573,-1.5413361302812927,1.5153752065658666,148.03958510460578
-0.8344931324431946,0.4453838123493533,-0.46301407617288215,-45.3164369763238
0.25495872110213086,1.0822962801972633,1.3564108280784877,132.52078144734492
-0.5967001296418282,1.3084260582750553,0.10228746494897116,10.028295089892215
0.15375689037765367,1.1708312160901428,0.720633764333814,70.55488313835053
-0.7870507418813038,1.0425537090775252,0.010874671644608343,1.0499901027105478
0.5312550443962384,-0.9711517530150874,-0.4015248566142569,-39.13681421501535
1.2594376747169749,-0.1253307591569451,-1.0514449915198978,-102.80289822704306
0.2934286483325627,0.5923144779427513,-1.215137893817521,-118.77331524730208
0.10818400795916992,-0.3700441460929867,-2.4721179549373185,-241.59098041175395
-0.3006419989699854,0.49598490537300094,1.8688127691324952,182.71463958025927
1.0989313468904036,0.23318384044679047,-0.6028377812234077,-58.87323368549159
-0.6471083251414127,0.3268614788680236,-1.1552242946941584,-112.61604522035306
-0.06324486674718612,1.0255352887187987,1.5983977736869486,156.1935696907499
0.6587802055738308,0.705897087991413,-1.070778537915163,-104.55576289071351
0.55086362601014,-0.9557349697191826,-0.8455198300876056,-82.65294629279467
-0.7797173571774888,-1.463719168844725,0.5791787406887091,56.75695542194165
0.7350285331289722,0.8323404893837104,1.2864799274596455,125.66608115368692
0.5755496416199669,0.5563815341043241,-0.042830330117597626,-4.256872646449025
-0.8308189916571176,-0.7916829889061171,-0.25996059121026444,-25.32297705866142
0.7219865150123183,-2.0373961174363293,1.4287208539802532,139.7477586838821
0.7470858967672259,-0.8761819826703311,0.3058682973389136,29.72142694171064
0.6536489358148406,1.1449834226019249,-0.45172626555665407,-43.79368468743402
0.3021845764302999,-0.027902020091924894,0.5258157859318534,51.498829768482565
0.2140609946126454,-0.08761696033354743,0.4160142453044621,40.7534213773292
0.8321638373318608,0.8606732182500564,1.945214783873265,190.1482531518784
0.4374425482284036,-0.6155624481573357,1.0541130475865803,102.8991591871724
1.090954131633749,0.9826753876989154,0.9244241828000206,90.20032303560328
-0.7950380501779345,0.41640711104491396,0.9649492013453055,94.2255455684578
0.4958302652132301,0.8521855200703377,3.736254198770894,365.0815651697808
-0.5071575056423321,0.5241473106855888,0.5640331257167411,54.99719256601964
-0.5517326073808101,0.5257589014540976,0.5663981346254188,55.4763941270117
0.8162785723831105,-0.8249501381049311,-1.0965241272473927,-107.21326695873738
-2.2684546849606924,-0.5985144894889303,1.0135608733046098,99.12710437955818
-0.37162672798671625,-1.2336090664678123,-0.7471336150687596,-72.98508128351807
1.7004468843610616,-1.333938924556935,1.1125928388629276,108.69163006142296
0.7051241559658145,-0.0009688438546281366,0.5798623466479043,56.636832941286
-0.10500550800979164,-0.045051889758658474,0.009979684711670983,0.9493861677136589
-1.330475563217865,0.3354551953211214,-1.2678917077182932,-123.9580487614359
0.5161245673624324,-0.7315632577178507,-0.05039056321697979,-4.854678357734788
1.1105148127218676,-1.3412974173383165,1.0803711200207853,105.62193742794986
0.1893672150789705,-0.877365731050194,-0.5214690938767181,-50.908193331210974
-0.7460050194917861,-1.5378810779483787,1.4377305070486615,140.6347731975885
-0.1037302384385823,0.5783531286560676,1.1920419599257517,116.73872551381696
-0.9788230542377673,-0.23722743632984702,1.2008943845999946,117.36394935662838
-0.30741261112291296,-0.33280103508518394,1.1295475751110957,110.43448253345647
0.6039623719705757,-0.21858440550098363,0.42838720883733117,41.828936092243275
-0.40872571361036175,0.6691662613261777,0.20725085940407886,20.2832357783478
0.40964369112496635,1.273671944820789,1.1367457628460327,110.9676438528631
-0.3433147054202071,0.05443523582380631,0.3021600168305086,29.612619997663597
-1.435263525940325,0.5792564743599117,1.1382294052123547,111.18644083905441
-1.591930998322759,0.6105841175807438,0.12166194253880157,11.88901616732296
-0.7779189310063062,-0.01979929325021386,-0.2921604582009139,-28.42059482002782
-0.5176451876794488,-0.12121611710930161,-0.2743286239356861,-26.69600800125331
-0.1903135610861125,-0.29938052300543166,0.4738099151061969,46.327631922263514
-0.04532798256460449,-0.5301260798368568,-1.2484447166959398,-121.94180182331742
-1.6597909853524737,-2.148201517288769,-0.9633670143048574,-94.10140048548904
0.3143501586164263,0.4375174395101855,0.9172011878563427,89.65534258535837
0.16489284128973572,0.49623181008788664,0.8162512827612576,79.73712775506392
0.5730392593118245,-1.0206154075521467,-0.4218371782840079,-41.148863678295676
0.26442271839082954,-0.5564257154015951,1.206268527340153,117.84685017897174
0.9023501743847889,1.277723304604562,1.026052894031162,100.1461268655152
0.6164820264989849,-0.7185087521875184,0.7292983681854671,71.32343571485133
-0.21992944276477125,-1.4296286419493203,0.9742287242065009,95.20152231106982
-1.5070797865670205,-0.04348408226756763,-1.3106866001492032,-128.29287455952624
1.5181133230814259,0.4908152169853767,0.7459218016354651,72.96874883654455
1.838329160849801,-1.3692141520974552,1.2475678591006774,122.04581963454771
-0.5171854053471749,0.4120766707859235,-0.18878657237028582,-18.497188817469368
0.8631994583054956,0.8979444363848869,-1.872290016356957,-182.81882344026224
0.6499708166982971,-0.14780777968256117,-1.212076471356595,-118.49506804823103
0.42033563192780693,-0.5292111029233519,-0.11202360307257778,-11.058470930044031
-1.1996104122406752,-0.32130565025136265,-0.8843784621642745,-86.43381538359279
-1.7270703266896217,0.3584724952039249,0.6403766374215312,62.504570668854825
-0.6750931512429164,-0.9348450754860573,0.14024690902182338,13.663682631842144
2.8872982755810668,-0.22485528054696136,-0.8166170162543432,-79.84500222075553
1.5842406034424352,-0.551170003038824,0.6195129579638481,60.464534962559625
0.005728748231601177,-0.7487437622761458,-0.6828695645736188,-66.73432350926159
0.3052573155535034,2.448735859041883,-0.11363496968873099,-11.229611069026278
0.46257372023887705,2.3840153934832813,0.28685181692589007,27.97220288489334
1.2052362318549168,0.618906259683602,-0.6617570384238107,-64.65747449036782
0.7779560934369719,0.18348811267702209,0.26387247612533943,25.636177783430153
-0.05091880664941687,-0.10763667020053543,0.006460732378287746,0.6545977702924607
-1.9283605737839056,-0.6135351451715676,0.7486037774989812,73.21175137942423
0.18430273199163377,0.317908858696934,0.6666811321120852,65.21187523147483
-1.0103925906953093,0.3823068950418988,0.25907893560271644,25.41601634398344
-0.6005596933798053,-0.6866500032205688,1.2183028220497993,119.07704951820656
1.018654178237275,1.5004056421895058,-1.915533231994587,-187.10379594623882
-0.3904494225059687,-1.433486764243533,1.3108156997803466,128.20427857456784
0.27438838441517377,-1.4186973570018109,-1.2353381229024867,-120.62537297726874
0.07323094536721127,0.9174235519060285,0.9049617327754272,88.33817768461866
0.2970107145583752,0.7527529426767562,1.2650649034801849,123.57126540939302
-1.2800015292724698,-0.018950552435345474,-1.0869266057333524,-106.3987256234668
-0.3128336466582561,-1.5506543822344128,-1.9131505779572542,-186.88319700408948
0.9216137886851773,-1.8720895669440158,1.1342187247591302,110.76792774287165
1.302624088832099,-0.9126338245881227,-0.7649644469994578,-74.7676314014912
-0.04373815446644172,1.0751514436807628,0.6709605506153206,65.46044764143247
1.4598425601765261,1.1210395410414524,-1.1314261709966762,-110.5049570017623
0.2660515130998847,0.11210840212899095,-0.5828144778515973,-57.02013004861587
-0.10147414886347089,-0.41453076941792066,-0.08393999715382859,-8.205248604885968
-0.3769096471632668,0.17685897086734348,-0.4751961335418117,-46.48673571783668
2.223890060052773,-0.36006248864027357,0.6138208115652376,60.15314557145452
0.11545880078381578,1.401775217466284,0.8085330602181946,78.86983629600941
0.49669408264507375,-0.07195931778444531,0.18715764719300676,18.232725480546367
1.5434287181848858,-0.39566262443930417,0.7984862619692875,78.032845562858
0.16828318147810703,0.8421785507073474,1.1834249630299813,115.74180797043829
2.0975437023840993,0.6499149561148286,-1.8299607766981065,-178.8096943899569
-1.7764038044397332,-1.2558377356700685,-1.0585083987606903,-103.39727897575784
0.005985137970351632,0.5735566904250545,-0.9451100330238389,-92.28572095953845
0.11914444310785503,0.043999695780958234,0.719912358220589,70.35407778121169
-1.59589627311019,0.5321723436203144,-0.6405371887889552,-62.540354357069404
-2.2177534552553584,-1.0559511733119564,0.07586140568910431,7.305250699781086
0.9509288162511452,0.7424225197097537,0.44867731260902605,43.98506457881247
0.975717776277558,-3.012314760799991,1.7391082960293112,170.03966819506365
1.323850947949977,-1.4668703986119072,-0.5410487445976498,-52.78468839094474
1.8267100552079598,0.36378693273332646,2.1566060820969404,210.89818705685872
2.6524044992921083,2.2908122371090087,-1.0217797002198528,-99.85934009799723
2.129758610990237,0.052835975452661076,1.587184461847228,155.1310454464035
2.1435085153070634,0.7635508041239548,-1.716127897607101,-167.78662494997843
-0.00825355352460454,-0.8568781132777343,-0.680324515706123,-66.30028668116792
-1.1412258062406404,-0.80349813466501,1.7044259807612356,166.69866146355344
-0.16042755419072516,-0.9221672589766452,-0.15951166613678044,-15.640627930814258
0.6337566563851093,-0.1769197350895616,0.5123214063534699,49.99880967410038
0.2624755013485979,0.5451488616355282,-0.9193474947851716,-89.85495865192486
0.25487430067675804,-0.21672830119587264,-0.5704008948248712,-55.75768186986607
-1.0608423329033312,-0.6138474877479322,-1.3524480483088248,-132.2836691367561
-0.26174592621083054,-0.5381659750202948,-0.3255478568262573,-31.874094464694796
-1.5564458488788204,0.07195740681719821,0.5752728184336432,56.479063127324125
-1.0520468996658177,1.4394702835664928,1.457885248359483,142.33226377974995
-0.953936100480202,0.19266773655843966,-0.392609883646403,-38.19484095734168
0.9163853234622581,-0.19047603366147994,0.7387590915450966,72.19061790962554
0.38340146720652246,-0.5417263393694464,-1.3788181934902,-134.89058728457803
-1.2538663972512842,-0.2305677056709818,1.4457560775375065,141.37354143476247
-0.5601331645095315,1.322521225815794,-0.04387451907794664,-4.2325891193965886
0.4158014844456687,-0.11996152948745487,-2.572636564628497,-251.24577916194306
1.1175994534980307,0.382249682279331,0.1533007846305906,14.851475724687607
-0.8294981588496244,0.6439316204695918,0.047419095527133706,4.660752520413124
-0.18881149568867586,1.5532244619744837,0.617361042977893,60.46416582364087
0.6440619434586228,-0.35532106364148314,1.6826493611142872,164.4572168718486
-0.3090238506329906,-0.1753968625397139,0.41592454931689926,40.67454870892127
1.1501294092579897,0.6641649513293834,1.0220496677020028,99.97674466310359
-0.11489854108045826,-1.1609524614699536,0.2390868242184739,23.411245614644354
-0.7487437783481595,0.958324924770372,1.1743162641838492,114.67210596809602
1.5956446109408313,-0.5663142939853358,0.20191235663425533,19.503040166558144
0.7412144063716811,0.996497583290228,1.005658020095273,98.26560564517615
2.250908868678227,-0.872206922875782,-1.0470710601991524,-102.28673341003102
-1.4445874252147803,0.41555547784333136,0.6844337502203944,66.95542654408526
2.5679757391952593,-0.9814154198524867,0.3016668828895125,29.561766399796866
0.9251895272561879,0.658022811543379,0.5006638728336384,48.878109630569114
0.7516327969759714,-0.7951668130469087,-0.017333308471231455,-1.841940713535803
0.11368239082296457,0.10962665280926054,0.55275908891974,53.97824046321232
-1.4519368991684745,0.33934829768272395,0.4769797116899192,46.71951143165621
-0.08409889238615627,0.5023064613371967,1.8228930444882327,178.1515455559332
0.02143075482634497,-0.6844356927006524,0.6673245885557695,65.28041446296862
1.0121718589496067,0.10479974990929827,-0.10897385939874425,-10.779612734193549
0.33036384511295674,-0.899551032831852,-3.71656371166587,-363.3057225740305
1.847701407593353,1.4048214092174487,-0.7688749256294874,-75.11231241451486
-0.6890922469133792,-0.4951888840729416,0.19489186037880002,18.832128204376332
1.0025832420859873,-0.4507035812956137,0.10060520448140284,9.788475288308671
-1.151704496537314,-0.9689360168198806,0.28217526183392866,27.62094231029934
0.9072352188969971,0.22265762359020735,0.6165369899112075,60.29991095076771
0.4684256382334376,1.1265063026017186,0.2810929475262787,27.56312266894599
-0.5847294578563932,-0.3694057794268675,-1.335254010416089,-130.56186757505418
0.4112798190818005,0.5004641464914715,-0.40473167221513995,-39.330894892162846
-0.5466858274197929,-1.1189020660198243,0.5942579059610194,57.969909310548665
1.2337851371036475,-1.2870004189665711,0.379553758871306,37.16018575051828
-0.023304952871823773,0.11570112850426549,1.1827312079884145,115.37806782954972
1.3116380262917084,0.3256860796135452,-1.0175352007110194,-99.3449969253419
0.8852695752700134,0.12645982820281892,-0.513613958958798,-50.20423655019102
-0.6940928456527643,-0.7055534550907799,1.2440542288886396,121.58571031694994
0.7457354561178032,0.16427696441161815,0.039107309722013706,4.0501927775106425
2.833277614595771,0.5490518660910724,-1.7797785365724743,-173.98124211520192
1.2190769311143257,0.6066066511662941,0.740695773400308,72.57161177209862
-0.7090110690012814,-0.9497481470779062,1.6263199069068335,158.92833757979173
1.5701174229199997,0.9796003173154482,0.3742091039871095,36.59718690206339
-1.485510288125775,0.6415162135002769,1.9442778628528865,189.9084283157083
0.04191696628397913,0.6306811371614544,-1.0026990612306104,-97.99107380885103
0.38244131645432466,1.1136390936412266,0.5667220473466632,55.23771204645278
1.1859816002614945,0.329777664951786,-0.9499435176905401,-92.92395277718371
0.6160105820692113,-0.016534284306401387,-0.548446142367181,-53.70529191554444
-1.0947105694444281,1.4876696461709589,-0.6823497113288696,-66.79525581043615
-0.5700784742394265,0.2835882815886918,-0.31035944825390305,-30.09457337965365
-1.6852471083509812,0.6015264768814771,-0.24671760891471067,-24.22005026253128
0.9619713027919609,0.9096995710723307,0.2878598904255207,28.095256495029144
-1.2733841075484909,-1.2962707251987151,-1.29343126865765,-126.46983868907755
-0.681748902977218,0.9162133018622592,1.2479484445960654,121.82792411355636
1.9553030435397107,0.11984612984089307,0.9139924158255759,89.18386649877944
-1.993332849403742,-0.05019343216828537,0.9654497427068534,94.35803565393506
-1.1206263226214683,-1.523534133269759,0.14249167148570163,14.121076331671288
0.17289895176331566,0.9035118945888491,-0.06906946048487209,-6.62141627406172
0.06151683180870157,-0.9111469517605757,0.05327841548077067,5.28897009718835
-1.2309046645285224,-0.1685410695147618,0.24200274105820813,23.47555046822256
0.745009284290038,-2.0214626088939047,-0.8543740426019891,-83.28911587007966
0.8679883693475421,-0.1876265800656473,1.0494251206984373,102.54218206147192
0.22307847019677385,-0.24898431956384767,-0.8209313043874893,-80.32894966441728
-0.8289938857910636,-2.11358061851219,0.4268663930144968,41.712272055000824
0.9837775943431365,0.024833813400589082,1.7417355574703424,170.23430179584577
-0.043467247471785014,0.5885641379611969,1.7590465712502514,172.01629561888276
0.7722502709948168,2.6185656962023276,0.9912434877995046,96.97140778782024
1.0180160587482692,-1.460537605545179,0.4374616425080508,42.807054929704
0.967748770941735,-0.328034389018459,-1.2679774138565236,-123.96905070910927
-0.31665762982429485,-0.1677315480875091,-0.9028413311092593,-88.53381431660237
1.8087758963642995,2.0524346205039192,-0.07089470473398189,-6.814768685234539
-0.7274260733606003,-0.7241678818061932,-0.5210893600409321,-50.93146061539533
-0.9611996409882853,0.46788215276784534,0.47259512217307637,46.14469777624375
-0.9300874856834201,-1.0835670037750542,-0.019905792808199523,-2.0497719999353543
1.448342254141554,0.3999554723916395,1.5996568852231994,156.41670293749362
-1.3138979229072212,1.9727860010154314,2.2554862034750522,220.30204839263186
-1.185801176617191,-0.6062699207423654,-0.14882561380878107,-14.453569016183783
-1.8422355115636866,0.7436547435740285,-1.1862589407000639,-115.83102592650341
1.2617362072664562,-1.1381850515629375,-1.0831790798288092,-105.97970746671766
0.4377473948151293,0.9984670274090774,0.43914602331562613,42.87816066506934
0.035874247686516834,-0.16258230860225484,-0.16133750059319854,-15.767806091449192
-0.7033202536689568,1.7832978292960164,-0.31611217080597537,-30.85690612634885
-1.0891520621833042,0.09893795793653408,1.4808474179900617,144.73818954407523
-0.6379430932117882,-0.22546156340099752,0.42220166048145347,41.36644248021512
-1.082278878336793,-0.2584035163153154,1.31712882286896,128.84396615293252
0.14541015465470142,0.10164575674058247,-1.31975156719931,-129.0444476719834
-0.5205781227784764,-0.7747801460636783,0.8338179154503383,81.47147564447512
-0.4304473952746292,-0.1342110974952535,0.37321427092675236,36.654564629546506
0.24445186343276615,0.7153808979257342,0.6203360481764222,60.68151500638056
-0.9890709325082462,-0.2468946636194524,-0.4831345435194811,-47.333660011963644
0.05248465922416816,2.076015603819432,1.272611945488476,124.31530134909366
-0.8525636228681208,1.2499494543385117,0.14950802301115146,14.861952155526613
-0.7697162326263592,-1.3495285017322258,2.353096512050633,230.01200164541865
0.6013269059302376,-0.6245387464321104,0.6442798617633031,62.98953582198527
-1.267754380758901,0.22231434267446568,1.9105621512752842,186.85729400645408
0.8867714078564235,-1.8371591791568782,0.1154141972737537,11.24381949572745
0.34857073791515625,-0.9108406578354833,0.3717238113165615,36.34471606963404
0.8530850609347836,0.5112554317158285,-0.9601291891927209,-93.90125974032037
-1.0524084907644367,0.6237869658570755,-1.2624022586152528,-123.4141835220202
-1.0023847751517665,-0.033347461964356805,0.6066789762048459,59.08964803368054
0.8329731875406887,-0.9512190052272814,-2.2059248271588077,-215.50511644957044
0.6080303278393439,0.43244436189670893,-0.2248545406771876,-21.845705551534678
-1.1156079459796369,0.37730596769635005,-0.5350630152848607,-52.24948211113947
-0.5387245433178377,1.3302593601202073,2.5610026058807382,250.31071262446912
0.1461467247615595,-2.294008184899826,-1.486803032667317,-145.46234263544653
-2.0938793788495125,-1.5340757164806553,-1.121947970269224,-109.59276372552203
-0.639004440554586,2.23150549477884,0.6843083876917395,66.73389778473911
0.31912929431357684,-0.8980880716730918,0.1152228867982249,11.122285394605566
-0.7433405137086843,-2.5939391888120267,0.4497613426874884,43.88834275855651
0.6899702703786376,-0.9726501400526532,0.8305277456261517,81.14370683419575
-1.4063661982005102,-0.040147984524378656,1.0618311551153996,103.98772591778975
-1.884256251519669,-0.9298708207271876,0.15673628924322391,15.275171205506684
0.6829605850036167,-1.6762383368173857,-0.5750918645694713,-56.10816388343487
-0.2906378721969728,-1.2192830553962843,-0.6267440958815124,-61.30521905467345
