Feature1,Feature2,Target
0.46667344506336217,-2.1826981725635264,0
-0.3237406036888668,-1.277354991555097,0
0.9359366816358796,1.093602891523041,1
-0.08347579780855419,-1.3886444062353647,0
-2.1410847711033165,0.3219117786741976,1
-1.7989535346685845,0.9190489918667276,1
0.1485210635161709,0.3366723028447953,1
-0.541118890481882,0.730881241452852,1
-1.329013798393914,-0.8419936463927276,0
0.5275899853433038,0.24626884178854758,1
-2.197758194282984,-0.45841727513147623,0
1.397434781314753,-1.8808570376017213,0
0.2011084143284969,0.04117525213012552,1
1.1691376478866276,-0.815569078913138,0
1.1292161751210763,-1.2658169059880497,0
-1.6494746834391434,-0.7128354778537997,0
-1.1794808539899313,1.2041919996201602,1
0.5780191796424541,0.4439413976486295,1
-1.2193937292746597,-0.9150325995683091,0
0.5362048343698469,0.22385460392796308,1
0.7431945792668075,-1.7521735861783565,0
-0.8755632858736924,0.6413870346565185,1
-1.7346849839680498,-0.6919609998009129,0
0.5316483488979281,0.4251396994044393,1
-1.8263137803933458,1.2641099068130335,1
-3.1282355018634083,1.364891875705152,1
-3.01813574634622,0.9198708547511754,1
1.2891694156837006,-0.6651991674897548,0
1.2196834393170737,0.5048993988878534,1
1.2100831221373984,0.7269593428581573,1
0.5227209472181191,0.664833689343922,1
1.2296671628964237,-0.18028556813297614,0
0.7902773407468615,0.8318899800261743,1
-0.9017121253484089,1.468131675920145,1
0.7834053000946437,0.057532633883239925,1
2.4113575845873045,2.1739398843076225,1
-2.0574931420482088,1.4651085204763108,1
0.9564703057440074,0.30859094930550957,1
0.528723884479024,0.5878227870175434,1
-0.2416884030177473,-0.8436636920635996,0
0.9140415276317876,-0.7466587033853247,0
0.5350934215597463,-1.1504660964024571,0
2.2541682612341285,-0.7177504997352078,0
0.9575334144244266,-0.39072544311674584,0
0.9883644689387826,0.9173043877696792,1
2.1878182359820304,3.0282495396531006,1
-1.085434374285133,-0.9757622078206029,0
-0.39928945226529033,1.259267970736368,1
0.9052609502752804,-1.0102950531485302,0
-3.1805374207066976,-0.04082572083706837,0
-0.46101307602835995,0.29072820998696414,1
0.2848630880216583,-1.5567226952948126,0
0.9959169542769856,-1.5391273449033884,0
0.4762449208165035,-1.6856901773805868,0
-0.45119544356538643,1.121855767397187,1
1.4369594993278794,1.4202423589264117,1
-0.08050438662326065,0.8179865901727378,1
1.1390282090422181,1.4447043623536495,1
1.242503984663332,-1.198134290628999,0
-1.7809447772008298,-0.6522269372491736,0
0.1624520079090057,1.1559620663705439,1
-0.4726387825634055,0.6224168809968866,1
1.1281543184917993,-2.403373379248074,0
1.9460693774503754,-0.46302786491063175,0
-1.572349414346918,-0.76387718120007,0
0.1662502734640965,0.7022193876258793,1
0.15087083990499817,0.4947608133476701,1
0.6863760340438431,1.7502198652368781,1
0.7166492029838211,0.8634386690266315,1
0.4624032388837127,-0.8482988336931063,0
-0.26959155008796276,0.5582796247064931,1
0.32916936837126265,0.2026739675358945,1
1.0858062520793874,1.5693408262374464,1
-0.04101730073867582,-1.931985429823262,0
-0.3387350011647685,-1.2688198823372412,0
-0.3519227049137841,0.8867502471711819,1
-2.457629260784035,-0.3564907354682566,0
-2.4914372849271373,1.4265873531565048,1
1.518363679869494,0.8899528442920502,1
0.12479788066264519,-1.3783356061078604,0
-1.8466502305333239,1.1503615624990324,1
0.6469920073888811,-1.6437677252639562,0
1.4381360608211444,-0.4783088593580669,0
-1.008779089722906,0.7313350022401104,1
2.295118658332922,2.0924358706414234,1
-1.2752544457035504,-0.9007896630269213,0
0.9390424793968941,0.9435659418093114,1
-1.1182558799628035,-0.949527870055825,0
-1.1194109039370055,0.6099833315968655,1
1.1349350375221623,1.0255743682020313,1
1.4487444072725215,-0.5985731447955382,0
0.6287280222570446,1.1254045230673428,1
0.9954814278587527,-1.490183228469125,0
1.515225572788352,1.0403780115204209,1
2.452964649692884,2.730046516853405,1
1.2705137008774565,-1.3956446746610718,0
-0.6422611654303447,-1.1457182721305434,0
1.8454564808274974,2.306941254638908,1
0.7829158211147857,1.0060273887048463,1
0.24192168143470882,0.42613120565929175,1
1.2863028690088036,-1.9884162099529796,0
-0.9194087609137407,0.016115470783830355,1
-0.45804522947224346,1.1004800057870683,1
0.3548810785670662,0.21411467136258355,1
0.8744184597975604,-1.4915757316622167,0
0.32938607470846015,-1.3910426236190745,0
-0.7329474884733549,1.5442265243300581,1
-1.086343208971151,-0.9657031377850203,0
1.0843726143118397,-1.891365010601272,0
1.4010826628056643,0.33634991933877423,0
-2.223304472121156,-0.45996721424669984,0
1.269720745379589,-0.9797484650035141,0
-2.1098325540230665,0.8672131617714353,1
1.3561185265280091,1.1500770925925534,1
1.2399687509634814,-1.9427211957138308,0
-0.9136000047094854,1.0835420726739278,1
2.1332213286235557,1.4718101519136093,1
2.1699039421372457,2.55589097577077,1
-1.811803147943214,1.5251910988490076,1
1.4181609783206826,1.1317430596581401,1
2.350380042382974,0.34676293761839694,0
0.5032485345817828,-2.219413019831811,0
-0.7005518729594684,-1.1413324718340199,0
0.619728603786236,0.481345241434187,1
0.6780078876606146,-1.9784478452856484,0
1.4544904933427159,-1.3348776062208305,0
-0.8311955225528005,0.8582403362506766,1
-3.2406178438690776,1.24432353378616,1
-1.0196967719519723,1.6338150657202521,1
1.361312126937975,-1.2944141062451004,0
1.1805573840138355,-1.8402614282115732,0
-1.2916103021386034,0.5807297440512735,1
1.365162655118132,-0.601896530857394,0
-0.02802009255471405,0.9072903078771238,1
-1.9401715683121834,-0.5855083739553815,0
-1.7788678109794116,-0.6715612888805929,0
-0.386969339717394,1.0357448134873337,1
1.650625288226065,2.3437651715665577,1
-0.5113030624575854,0.8956868757804716,1
0.17093402086263088,0.818813010342765,1
0.18604888698219146,-2.022214590604956,0
-0.536865171204485,-1.205698628374924,0
0.8284177526210725,-1.5816960950507246,0
0.29113975234358214,1.1066820466142846,1
-2.5409862298831474,-0.35552986549610943,0
0.02845097294465937,-0.08230658270733682,1
2.7176524230509918,1.2637066829426888,1
-0.3863288350847771,0.7279069416871753,1
-0.9180344460138468,-1.036905370926858,0
-0.7991227003724959,1.109613935622382,1
1.7165453649129168,0.2522497438967246,0
1.4082817446479492,2.002588663757397,1
-3.0047393446168438,-0.1509776661203749,0
-1.3341652680807885,1.185644037199681,1
-1.5545055176518003,-0.7622086058683188,0
-1.209166639863835,-0.9164819825646151,0
0.22272157626243383,-1.3294026130317365,0
-3.1371049724409925,1.1698539359273634,1
0.16515097773979437,0.7878134595120075,1
-0.24372914261604128,0.14925627768449057,1
0.3723095692797471,1.3789307699100846,1
-1.984052583127664,1.399830683974705,1
1.657447194175055,0.19684648739660116,0
-1.9868346086516935,-0.5680906109258615,0
-1.6749885675303777,1.4906735717832156,1
-0.3440320807054018,0.371355163990139,1
0.23949858022170045,1.3895461060813923,1
0.8211894300785518,-0.9535059883554153,0
0.6083254565190022,-2.1832701552391556,0
-1.949928526927256,0.6388911998102548,1
0.19881738119842085,-1.5128727959050363,0
-1.850153893077952,1.2816895654617146,1
1.5149244437631015,-1.1064221018972764,0
1.6907730039731685,-0.299344855953661,0
0.2056524906421543,-1.4705423261884707,0
2.162835185045267,1.7334665779357177,1
1.3033940306531635,0.05089349331444315,0
-1.260394017422529,-0.8848842581626724,0
0.8462911786062589,-1.6538427043745019,0
0.8038454818233003,0.9529544235480668,1
0.3287856561343919,-1.5099426647160739,0
-1.0101245218288202,-0.9812292365894782,0
1.0679066661420002,-0.4077433281207328,0
2.2407524618290187,0.1793577743577086,0
-0.3341802639357775,1.1643332498731447,1
1.0850727734696588,-1.9072663576704407,0
0.26711565248723756,0.2575847742778745,1
-0.8078348734974481,-1.0768330673210447,0
1.5502747235689778,-1.176318964628448,0
0.44534022795312256,-2.367643288982195,0
2.220002758200037,0.14443416873330017,0
0.5184869886959943,0.40461563157598035,1
-2.2193758228248615,1.271491278039476,1
1.952157550187033,1.2956229319358985,1
0.6271539361867497,0.012013153596334147,0
-2.241021237164179,-0.4548441784761932,0
1.0034684994579663,-0.2926118873206436,0
0.28940535515964183,-1.024101536434204,0
-2.0232271921981826,1.639796454749699,1
0.5514999663553075,-0.38121431350268375,1
1.758068937308479,-1.0688486382495954,0
1.2866217196980223,0.3784667107120505,0
0.19684103976267142,0.9987765508046534,1
1.0170082016408264,1.030460936804635,1
-0.848138288242438,-1.0643823338451688,0
0.14124322529509792,0.9775796735318567,1
-0.7829637896891969,-1.089006257760277,0
0.21713342247649936,0.4434903708007075,1
0.7981375248256048,-1.9833078232383134,0
-2.142926478996512,-0.4936094425503267,0
-1.1269829506113744,1.2337414820672907,1
-2.628542509456205,-0.2994358453571109,0
-0.6932192131579102,0.8737531762417003,1
0.9349740765242531,0.8472017552416293,1
1.213135395406871,1.620227412209667,1
-1.3254627348942627,-0.8717897964451341,0
1.0402646151371422,-0.32825828169473115,0
-2.3026054021720905,-0.449328726805892,0
1.0048042320595825,-2.6538421836538495,0
0.4316962297403607,0.4269278544074757,1
0.5615991457685092,1.05452442212863,1
1.749274026129586,3.3585143602730754,1
-1.2256910813325705,1.5215201923312742,1
-2.0884334048572546,-0.5269947865426502,0
-2.232398661855229,-0.468846910737588,0
1.2692630754677043,-0.657194108250801,0
-0.495872056722081,-1.2246006261165128,0
0.2908921912788497,-3.1747144038509645,0
0.8567975876533047,0.6667299316782698,1
1.095086283376701,0.8811936317069848,1
-2.705776934719581,0.6991465575111924,1
1.7713613924595304,-0.9384945898684094,0
0.14233936815174442,0.8720620758712483,1
-0.6134480939351741,0.8541344196031729,1
1.2150397926380365,0.5196167963417861,1
-3.7220222630994964,0.17184768994323352,0
-0.8763554347390892,0.6096725581002049,1
0.7796682373688095,0.4254043097950003,1
-0.9873611841265182,1.2343029442078801,1
-1.5386460367716965,1.1355896348530725,1
1.429255301956034,-0.5362903150938229,0
0.7826876263818183,0.9070465096777603,1
1.481577023488081,0.6121179342210279,1
1.4403309066997378,1.0952064860835182,1
1.449149757864239,-1.0245769464235295,0
-1.3510663971851349,-0.8467141392823021,0
1.345731231557593,-0.07566861332361707,0
1.0002290797880158,1.5878737500361078,1
0.7292518711071811,0.4404536344461826,1
-1.8268028214558578,-0.649353619347329,0
1.1631677442156334,1.3592483261713995,1
0.6612053311399142,1.069414408156104,1
-1.6098410354194879,-0.7382643457419071,0
-1.1361928237746974,1.149747227232642,1
-2.3280100111706314,0.43737032422232336,1
-3.2123921580210313,-0.031674608398896686,0
0.5836552353909917,0.013113707885826331,1
-0.9267451459563798,1.1442535412786274,1
1.6223525657645843,-0.278527119228395,0
1.015726320461897,1.9954409173162162,1
-0.4184744453025011,-1.2520790304181177,0
2.1064514578246483,0.852855215750773,1
-0.549403771540078,-1.2114842736635576,0
-1.0135300395828835,1.3019791757816295,1
0.9528245805044012,1.2720399318575288,1
0.7736963653114706,0.6226500650437636,1
0.25738532274024983,0.6192368541965265,1
1.6508849621628152,0.8510702991439942,1
-0.8834021212747941,-1.0465368427463382,0
-0.6382533720028477,0.9528849519620249,1
0.9407479125652307,-0.8748841487838572,0
-1.0507656642549965,0.9086413404791274,1
0.11991361411795132,-2.1586165508261943,0
2.088395595026183,2.1722423601490135,1
-1.0831664675801271,1.267157174117597,1
1.2820671742350656,-0.9746127191782383,0
1.6056806850679783,0.07974274838905737,0
-1.5919779211768161,-0.7478627028401068,0
0.9270532098561259,-1.8298534282962473,0
0.5444966122701946,-1.91397154755956,0
-1.274921576995643,-0.8769918049133513,0
-2.146482167503999,1.1577852979915193,1
-1.3059655244046724,1.1961033865752164,1
-3.1918310220889694,-0.04843277400516932,0
0.7623434572838743,-0.4032159848034387,0
-0.8465395836530205,0.366508939693753,1
-0.47090693216880486,-2.089732261919568,0
1.6608419369768226,2.005932734623136,1
0.4685734076969452,-1.6340064939203325,0
-1.5451628722658832,-0.7785017323454081,0
-0.22628137471455267,-0.31521877274645127,1
0.5262043004005303,-1.1553681163172613,0
-3.6291620406687883,0.12228363688475197,0
-2.2214791165553063,1.3717442379111904,1
-1.2409149850185432,0.746065347512145,1
1.1883865742612083,-2.4000610981242145,0
1.671333591227119,-1.6464692864233952,0
1.7090680039117525,-1.1983208784931474,0
-0.9125463563741055,0.5105596816523984,1
1.9607608670709182,-0.2988316500002476,0
-3.1842185176890423,1.3724063947672787,1
-1.5965567879574154,-0.7365909641813395,0
0.43882527441882224,-0.07162256326004401,1
1.2798147442814582,-1.1764008400580317,0
0.1819531228123441,-1.512873510253311,0
0.8828552745596343,0.38176279556388804,1
-0.3162662709780095,-2.641764430948963,0
1.068157952806592,0.3158591605329386,0
0.17181784169363823,0.614319947323791,1
0.7266827816509661,1.150853622401333,1
-0.9920497763869335,-0.9901066206871001,0
0.6329297073568785,-1.1056595651372356,0
0.5294067847625645,0.9033453507474777,1
0.5966310612283665,1.7564070597941932,1
1.6722133662327603,-0.06307425194747518,0
0.4758170768012674,0.7847948471118212,1
0.7318967276712758,0.8670459182191532,1
1.417100327646152,1.6537183705439058,1
0.7437293725343459,-1.5823471745641702,0
-0.34900709942069796,-1.2831350404867872,0
0.3434186540887538,-1.5851592473075486,0
1.43947218543593,-0.678950988726209,0
0.6542511231343431,0.6090013347955925,1
1.5739204084387077,0.6936841108638149,1
-3.280424617683218,0.0008368555551168111,0
1.7107182836508494,0.5949997569646505,1
-1.9918922326300201,1.0298081956157403,1
1.5392686933353632,1.2387356886115037,1
0.8668882838712151,0.7655129681802924,1
-1.648526240671767,-0.6957959552271633,0
0.5248918875152191,0.7448642140660313,1
0.7673877758424607,1.5127764712153233,1
-1.412349525285998,0.6420139914057186,1
-1.5560167669445752,0.5326238731179358,1
1.30823665693898,-1.0175838843262213,0
-1.7533388188695596,1.0268192431417373,1
0.8657978235624839,1.2609588652647818,1
0.628128133395607,-1.396012052270654,0
1.4980381581561903,0.9817524564429313,1
1.5737602544491365,-2.1069430836696643,0
-2.794651973399377,-0.23215849171140002,0
-0.3030215992408587,-1.9092562437300882,0
1.756892503918623,0.8331622694751217,1
-2.3368558078889157,-0.4189621764838696,1
-1.2193051844933678,-0.8916229271483319,0
0.922190152685357,0.12353682107856157,1
-0.1557765761897414,1.1638573802257575,1
-2.119452538351636,-0.5171819286008414,0
1.8678091593513604,0.09657732568001332,0
1.137051473181959,-1.4904984446892133,0
0.9753782465207781,-1.0205234590913694,0
-4.607949702197931,0.5611684884728891,0
0.34199736607619613,0.6525150880644308,1
2.081119149666991,0.9303978730209125,1
-1.1906920555978897,1.4563365750262367,1
0.7467751310221717,-1.7557657013728796,0
0.6245468152355332,-0.7834357286708199,0
-0.28540674278699263,-1.303580214394793,0
1.178157444966466,-0.854546820936599,0
-1.8607015977349168,-0.6311701645256557,0
-0.022426119153531654,-1.41339141148239,0
1.3970550287198278,1.2921060102475952,1
-1.5147994299268643,1.1812142541298152,1
1.320013701431177,-1.9859741749038655,0
-1.766023006780665,0.9242860017609588,1
0.12002059251753339,-1.682509529603154,0
-2.3234945955831754,1.3709781134111025,1
0.4545099164021089,0.8848698782536643,1
-0.8568735777652631,1.221734639968113,1
-1.8401606159509833,1.511283787178458,1
-0.23194061222801632,-1.3287928640473938,0
-1.6856714591487088,-0.7112767222298747,0
1.8800027224726006,2.0439377877421014,1
-1.4283591156119586,1.208358119942094,1
1.7714071004326764,-0.1646642132148809,0
-2.1590633317095778,1.0888340844855082,1
1.8667997871654145,0.6775111993845693,1
-1.0604851591452982,0.7043616272960114,1
1.0522842839816884,-1.6000030739426325,0
-1.4642010041826086,1.1491336686322646,1
0.6163660453222352,-0.16252643665301947,1
1.097793049378304,-1.6577703192812234,0
0.21190600129338188,-2.154963658159783,0
1.299796259249202,1.0877071564132972,1
-0.3570508724956498,-1.2813698871682375,0
1.157476715144113,1.6774973532407131,1
0.5952122154503144,-1.4901985609426216,0
-0.9078291026749941,-1.0438270996421728,0
-1.2492193085304857,-0.908348071224925,0
-0.22766669473159762,-1.3541256487614577,0
0.7734722422751079,-1.4585111182446966,0
1.3011726652807356,-1.8210206770032804,0
-1.7967527621515729,-0.6595187524464343,0
-2.809383491723217,-0.20584686249170048,0
0.6355183621759029,-1.4734339182937484,0
0.3025563821939228,1.066822789645132,1
0.7194962467128507,-1.737859442301812,0
0.899018683396271,-1.8237882554568534,0
0.9184856103374068,-2.2099009916304646,0
-1.8368457610868376,1.4164536433621915,1
-1.7665863213218407,-0.6736456201518425,0
0.1808450105130226,0.7074139910842406,1
0.37536123250922304,1.8033304600720952,1
-0.7887291266067223,0.9978423479309991,1
1.012183851707091,2.2957094920464876,1
-1.5331198055661583,1.3536512626435862,1
0.44722704170844296,-2.9644476574517693,0
2.0071326202271376,0.49624603996044514,0
-0.08785267302019939,-1.407024010157624,0
0.3427921339546425,-2.5324781072892817,0
-0.28144839126560217,0.7942166665420866,1
0.3874875126454369,0.22941730827657514,0
-1.2152040751894415,1.1710030404006244,1
0.1615063216051491,0.7385504011946289,1
0.33976359548991275,1.088088582672596,1
-2.213432172084679,1.561190879538469,1
-0.8713553158453021,-1.049761797936151,0
1.5989462913591135,-1.1432512712380503,0
1.039226388273841,-0.8884351509048244,0
0.703953445616721,0.09825537272463425,1
0.9067796160082245,1.52676766674431,1
-1.7679011818069972,0.8783931599317057,1
-2.9852793038451417,1.1899344114133221,1
2.4020041678973687,2.4365259612239143,1
0.3504802909799847,0.42285088279703476,1
0.06239497902204638,1.1291988301200377,1
-0.3360222668383732,-1.3009133899986483,0
-0.23337381912351685,0.3912099059870233,1
-1.0150829255842275,0.04659879280358126,1
0.9027375129506323,1.095923195363648,1
-0.0925328360179889,0.6278356671301755,1
1.399259125919007,0.2709746485878768,1
-0.4948779277436657,0.7519742566418725,1
1.3049925571689283,0.73497228392153,0
0.9536405971131108,-0.13867532747434885,0
-0.6992053811288796,1.3457177244346197,1
-0.4199547200715401,0.059432930183887844,1
1.5193826771346552,2.3036937635683135,1
-2.074428447465513,-0.5386952239170076,0
0.8686916296086782,1.0270244918508922,1
-1.1019298479390516,1.176097203203287,1
-0.468912715952847,-1.2170419333731148,0
-1.426334110158895,-0.8255769579475603,0
1.0454864993608493,-1.3877948929315915,0
-0.8884860908893738,-1.0602993700554906,0
-0.4574485378391322,1.230335783041057,1
1.7778317173947915,-0.17558165257214398,0
0.6427531381930673,-2.4623465623002483,0
-1.2241327646183904,0.9044336303063136,1
-0.6507434372903658,-1.1619840356231468,0
1.983290105095091,0.304910026382861,0
0.5134068590823984,0.7154542070182117,1
-2.135424496624349,1.0621449907343656,1
1.1962077038009649,1.8053919865487789,1
-2.257940817490973,-0.4401799452582704,0
0.5191647463370125,0.680906742148031,1
-1.2645806011298044,0.948400237527148,1
1.3482233239967585,-1.057089395636797,0
-3.0845213207450204,1.019200472663698,1
-0.5869181148046747,-1.1824819809036602,0
-0.30690735299997896,1.0049350561885446,1
0.9386666593011546,-0.653091697438388,0
0.8349635211213281,1.0609638257577834,1
0.40049039121695373,1.5849653971329303,1
-1.879418146996403,1.1159663984025803,1
1.0140744943977877,1.2827459161576316,1
-2.3306304624494354,1.180652104746131,1
-1.2141852981348555,-0.8932599029165882,0
1.3701158558663047,1.1910696512881762,1
-2.2551976530841773,1.2410496076327855,1
-1.9103498468496443,-0.5889475752117235,0
0.2747433471192594,-0.39073253261181795,0
-1.0479886391575313,-0.9682422148791224,0
-5.084993140528323,0.7499670628277342,0
0.7793820668994393,0.19622837572295526,1
0.5999815431485855,-1.6991327369305815,0
0.9922268976982509,-2.8910940683653488,0
1.0482710160682411,1.4451436536236741,1
-2.271936376371172,-0.4251263836015665,0
1.3398526807679954,1.6193929660779411,1
-0.5205588146590425,-1.2293218833904795,0
1.6719175163762845,1.897418528238738,1
-0.5867212132513537,-3.1047931011996677,0
2.316103339293485,0.5925584140657691,0
-1.5155388121884252,-0.786455807817904,0
-0.2331966020998687,-1.3404568209062733,0
-0.6973890688234348,-1.1208041638836845,0
1.0155956110044064,-0.6137750539872061,0
-0.2186754473589736,0.9344560723051567,1
0.9949898801926208,1.1668801207255965,1
2.3890524808569404,1.6002433567555658,1
1.5724524481229925,1.7702145573633974,1
-0.3081825586073772,-1.3035110904391143,0
-0.24169907688369796,-1.3272756112301705,0
1.2039548322246691,-1.31425165292664,0
0.8931050159766525,-0.630159542856225,0
-1.8227860882908642,1.2542803457787643,1
0.15523100008685464,-2.5266702602218816,0
1.6613412930786702,1.6144898894623827,1
-0.9294885873125396,-1.0162276714621417,0
-1.1634575913672751,-0.9222981885745906,0
0.4086229724567594,-2.2589866595114563,0
-0.9108726179327802,1.0725045736124035,1
1.3609565810690767,-1.2141039415349333,0
0.43230599932886293,0.7866988872049495,1
0.2664110755309599,-0.6868949164604736,0
1.4858206068977657,-0.6960157855885477,1
1.4108522019444516,1.326372432988908,1
1.2638723850267557,1.9802752512411808,1
0.48000699295629734,1.4846459820690212,1
1.5464862482788688,0.5822194956972462,1
-0.8644261414486144,0.8899311780110666,1
-1.535675309253622,-0.7801609095131473,0
0.8753509612097445,-2.001231300813224,0
-1.681185053071144,0.5958824509318452,1
0.3654565113129691,-1.4261590271045623,0
1.9624327027410304,1.6754354930075768,1
0.34059801127529443,1.1595995410056668,1
2.2027867463841684,2.4297263428409144,1
-0.06308161057456152,0.9957650111211348,1
0.5728719423663389,0.7461046012716812,1
-1.5417845485186548,-0.7820629102813383,0
-1.1731011560206095,1.0351049826004548,1
-0.25975693079802675,0.7755945161865772,1
1.1455975973891723,1.2992321821632715,1
-0.17695486464465116,-1.352784584579329,0
2.246260423488972,2.572304086461922,1
1.2663071384105096,-1.0833890755399864,0
-1.925897993499286,0.9119910812924161,1
-0.6504981820235874,-1.1598655675222118,0
-1.5819083807725371,1.0963043813572775,1
0.8039564156571364,0.632995528002727,1
-1.0052403995044272,-0.9884394245670266,0
-0.41156040172686104,-0.027489384224230085,1
-2.4535161094023845,-0.3761367734917844,0
0.9346393194036173,-0.776375225831657,0
-1.469777965408782,-0.7837505106271108,0
0.5665181072237387,-0.7512477821095697,0
1.1125898375456125,1.340185583537327,1
0.4997052773660764,0.5018179984701661,1
-2.688473896274707,1.3762347357947746,1
1.717277188032376,1.582012844035234,1
-1.6441294712176806,1.2211136515717096,1
-0.6938012505578242,-1.1330003587987212,0
1.79460108190211,0.8768820638164101,0
-1.713062669348072,-0.6944117178790552,0
-2.087990083753748,0.9824514054237853,1
-2.748130412529461,-0.2244113170464186,0
1.5662104368830385,0.037907493492503885,0
-2.8702888488851954,-0.19133634172939606,0
1.3080781817778233,-0.43669495314651763,0
1.6274856155171737,1.1673278330302461,1
-0.840544966804975,-1.0570558621194452,0
1.7590935892766884,-0.38626654917093217,0
2.2683898391786794,2.225104419999515,1
1.1929797779465434,0.7215998494594015,1
-0.31325449482736756,-1.2969105428197674,0
-0.15892849201216785,0.5900069291332735,1
-0.5131873967313165,1.2151942299858836,1
-1.4561020314178625,-0.8139535770786935,0
-0.05266576202154272,-0.12830991563299166,1
1.7483944849714388,0.1941460474160589,1
0.10408826326413201,-1.685839880457816,0
0.17291986849790353,0.01488670697798411,1
1.2835692925958033,-0.1724521518677652,0
-1.8492997217699192,-0.6329319372773767,0
-1.3666753898189061,-0.8478304209806963,0
0.3679851891207724,1.2275390130005177,1
0.3925318543960157,0.9264435782518432,1
-0.144525268041638,-1.3553937861997905,0
-1.3339441864288943,-0.8538659915007554,0
1.4261432011635229,0.9644503746026922,0
-2.0809579270385496,-0.5161525574054326,0
0.3386272384230554,0.3035222459627711,1
-0.6152579975405514,1.1398776719689312,1
0.5111192140859517,1.0876938525128554,1
-0.7133395754756986,-1.12277394407729,0
0.4575245489580674,-0.28895578699355196,1
2.472790529960881,0.021439237462666627,0
-0.4574406505189659,0.7804579673631029,1
2.167274473009285,-0.7936511283731235,0
-2.308431444752974,-0.43949152100554656,0
0.11323176403220259,-1.8625426861828838,0
0.3565194553085269,-1.5731106113717495,0
-1.6609167716962516,1.0595042337317027,1
0.8271321088139201,-1.233792294732761,0
0.8188581287308109,-1.4183853764875858,0
1.0322394144936389,-0.4104078752190511,0
0.9806056178711752,0.921554267357287,1
0.7240430546130339,-1.7431742165199182,0
-2.9376488157939447,-0.18775446072940571,0
-2.8616687585634426,1.5318175725674088,1
1.9777848051509959,2.191671173623793,1
0.002563256908236111,0.8328374123905204,1
-1.4603061903098298,-0.7887458899024604,0
-0.5302891189165327,-1.218545659347524,0
1.478871019520596,0.48865503227616236,1
0.2072109720348414,-2.2094928172941337,0
-1.5486994897131672,-0.7782541885641183,0
1.3195108499362478,0.05961098483307037,0
2.4134872974776638,0.2492895772079753,0
0.7612853440404117,-1.7535716397739276,0
-1.1954330465400846,-0.9187243613182479,0
1.3402735383815998,0.4400222788108257,0
-0.04595765116990114,0.32294081495225735,1
-0.5959453605265281,-1.1628183091127895,0
-2.667088553414888,-0.28946994641072543,0
0.158423106296809,-2.182721456248041,0
-0.28148022098933145,-1.3010116943633256,0
-1.2639248356797732,0.9824948829067779,1
0.22000976267514216,0.6137790508035545,1
1.1084412408577669,1.1160197827172198,1
0.6183368660409496,0.5454742530747658,1
-0.8898398344152232,1.160975317958441,1
0.4128708189380552,-1.6275187237245337,0
0.6005185179656485,-1.70095815224448,0
-2.2483963343149194,-0.4593922494148893,0
1.1872495986067584,-0.4146197083541179,0
-1.9518139049119543,-0.5853973713945072,0
1.056458986705834,-0.6209084574967052,0
-1.315257941511656,0.7324134658386714,1
2.476791727314177,-0.634521102665053,0
-1.055782335879638,1.0527361809780296,1
1.5448460307574297,-0.4026949027725101,0
0.1716361360955625,0.3073845788893692,1
1.0959062739668481,-0.4599605172839776,0
-1.3562606971307771,1.1855182218304634,1
-1.1600507846875299,0.9453620855998527,1
2.545073246526831,1.6120742441739857,1
-0.961998590148248,-1.0224041678941889,0
-0.8070313485547256,-1.0660514998782198,0
1.0695168802787998,1.4679099819784358,1
1.3474749439308045,0.6978729617488091,1
1.2648816286156002,0.7667486832310938,1
0.7945357904515851,-1.775824400940957,0
-1.080199806925095,-0.9659395531385262,0
-0.40759011628919195,1.1403614577654702,1
-2.52347326005306,-0.330610278272213,0
0.22656409012967293,0.2516613402915354,1
-1.985221601571097,1.4536430309739132,1
-0.05928701192722985,0.7621873772213329,1
1.6813070369041339,0.6064353058252417,1
0.63691500997672,0.7355319343666403,1
1.3206937724241021,0.6323491930127774,1
-0.409882875110434,-1.2548671970520022,0
0.19590385338888094,1.191253976597791,1
2.0376809324271,0.5074623257644546,0
-1.1592149224170762,-0.9347481900525859,0
-2.157764535884806,-0.5068099319256933,0
0.9229581464729859,-0.5858612576340667,1
0.07591152758492115,-1.4781342518639566,0
-0.4264856833124475,0.6563474983820637,1
1.1652426466703867,-1.2403546283960194,0
0.8698275000832342,-1.7099114807586604,0
1.03976802558309,-1.4603852217769684,0
-2.264948939016366,-0.4515207976057185,0
0.16309153474289184,-3.5203599804872727,0
-0.2576215097307015,0.691329412368284,1
-0.6471055096988938,1.169179763362207,1
-0.2717299483527298,-1.32802365696125,0
2.166593953007781,1.1055983107915037,1
0.967750394455741,0.03705674759022992,0
1.920997547273727,2.0067357343019867,1
1.3549374098589466,0.8183690331721477,1
0.12415556131404404,-2.3524289449568108,0
1.3177948796781127,-2.010318395776407,0
1.4792755945851344,1.8087123813853152,1
0.6180968386744717,-0.4615246456245695,0
0.5151445722609771,0.643202851187356,1
1.1479791749936747,-1.4022887496740324,0
-0.513699283978893,0.8118065340354657,1
0.7620712960816489,1.132585146110768,1
-0.91392581386439,-1.0225780365718846,0
1.1648928879006237,-0.7110319087430758,0
-2.171562349694147,-0.4895867754677662,0
-1.146692166405956,1.282940410941203,1
1.2471731763756586,0.8737880315564193,1
1.0009354357402325,0.9610702997905276,1
0.44109590207641614,1.2575691849072694,1
1.8870058542235673,-0.7867152367368171,0
1.0711717397531753,-0.8724672028510159,0
1.1332862134182693,-0.9729742235841385,0
1.5217461339737457,-1.051899798244215,0
0.5497925868882889,1.0634047565192382,1
0.07323555523254988,-2.290639618166396,0
-0.7412536479443301,-1.1012998185385792,0
1.2393365613727858,0.48267251307129366,1
-2.208347370231217,-0.46834879764767445,0
-1.3621697753353936,1.1879146192260217,1
0.020325914593989025,-0.4759014428957562,1
1.6267746265566587,0.8630214571868882,1
-1.124652728959887,-0.9422232079311346,0
0.4943363960421765,-0.6203760615874576,0
1.4053306730215192,0.6304036165281863,1
2.400238534144086,1.8058423975353575,1
-0.6927847327780647,-1.1358897348852697,0
-0.06566178685800916,0.9502683658331834,1
-0.2157067360346807,-1.3493549940572005,0
0.14063199833455275,-1.4902993415625956,0
0.6561214207279076,-1.7008934347470062,0
0.3190318275776458,-1.6305514503280436,0
-0.899456876692197,0.8028434977010339,1
0.48568356573701144,-0.9798155507624945,0
-3.285974987182404,-0.01935874283067851,0
1.3900230200846297,-1.064300339581697,0
0.5136682538296298,0.8213913121562707,1
-0.26252816764370435,0.45140863061311154,1
0.2039448403961548,1.153138884103002,1
1.6817293008360896,1.8427201267135516,1
-1.31544449890782,-0.8580795383868082,0
1.3328919027106862,-0.7725467681506095,0
-1.7113426620207577,1.314838783318825,1
0.16954455009687874,0.8969462382802037,1
1.9625791730913091,-0.42975431900711913,0
-0.8663708536106329,-1.0770201625018325,0
-2.8615031572513283,0.7711455439450533,1
1.5832603067402178,-2.117533725653522,0
1.0550313448286566,-0.8615891449972731,0
1.1202316787434188,-1.424456287915733,0
0.1982006944212621,-0.47333860798080873,0
0.2563278273648194,-0.6806577742921458,1
0.3993926362265712,-1.7292056956564128,0
-2.1928514382959063,0.44649300197479447,1
1.6437730507030177,0.14534696308408623,0
-0.757472970542874,0.8278060026602946,1
-2.5121443608839957,0.977443330533629,1
0.8886209980681709,0.44905771846081266,1
1.816553726219293,2.154024796629412,1
0.4393366683887666,0.8134544698418191,1
1.8040036668562125,1.6183958406072918,1
-2.261998233745805,1.2632347025988138,1
1.3914737238989572,-1.281758890289601,0
0.42958826831914476,-2.139944917403669,0
0.9479247669156138,-0.9527112289778503,0
1.3724380554179634,1.7772665262000373,1
0.4449676823677292,1.5484776365320625,1
0.7958501871961281,-1.1528996790047512,0
-1.7113833913914687,-0.6820019725927622,0
-1.2179446133786884,-0.9210232042539713,0
0.2346842859221996,-1.5182908685912522,0
-2.5453438648612403,1.6301757479801517,1
0.44979526339177656,0.7114607879465555,1
-2.4914810609701137,-0.3743025959397661,0
-2.034034562520512,0.864699517909183,1
2.161989803181145,1.51438213830667,1
-2.906236610915203,-0.16335563754163485,0
-0.7918189556901072,-1.0975805829314025,0
0.06809181055939195,0.5392010082133472,1
-0.05240198903714055,-2.3484984155243325,0
0.9178289620143625,0.8996215859625957,1
-1.235092944165359,0.9321893369069776,1
1.9206637672419387,2.273140332016462,1
-3.1739086492877115,1.3190862125573979,1
1.7661210245341765,0.6344657902983291,1
1.0775325954479962,-1.0741933815972924,0
0.933978769288155,0.47728613786651486,1
0.2924085481637042,-2.3708933532792527,0
0.8652888009981163,-0.3513197268508955,0
-0.6282468144312812,-3.337844943483326,0
-0.3651359611677292,0.8729475249036311,1
1.1714728725188608,0.49033567221353347,1
-0.9078045682150345,-1.0312678860778675,0
0.3200300159469823,-1.9356240612627764,0
1.0289904385502036,-1.379606007262088,0
1.2420396700037044,1.5389987236425782,1
-3.279360516113459,-0.027499700471624533,0
-2.2703612521842667,1.1679157180418338,1
-0.865035502642352,1.2856356198490149,1
-0.16272950040129286,-1.3549286886984802,0
1.400994644575953,0.834673144854111,1
1.0206928213430724,-1.302952547438132,0
0.6890260216904924,1.4266086589354057,1
-1.1052248795318012,-0.9426395823003514,0
-1.1360927506869731,0.8973087689632417,1
-0.7810906916711952,-1.105817070182009,0
-1.5099983137264397,-0.7947614202787461,0
0.27747859881483206,-1.4939601760830514,0
1.0510157504068613,0.1576146765424784,0
-0.7101372357286448,1.404185171729758,1
-0.9787494499771567,0.8594522625830571,1
0.6235608445355785,-1.6970385449498675,0
0.5617025506112003,0.08443175341460019,1
-0.38656078130624083,0.37275346339848303,1
-0.7107211858517543,-1.121463456029928,0
1.2839645689501606,-0.758847554405082,0
-1.678701141625012,-0.7036993449688935,0
0.6686542830760458,0.755297612140122,1
0.7973042199558107,-1.7720378868735416,0
-1.4725713073166427,-0.7987422015159085,0
0.4993783957640736,-1.6284087073680191,0
0.8831688068176341,0.9296251337086292,1
1.3664959503836354,0.8954797047768448,1
0.20115366904765075,-1.524015235028744,0
-0.5084178449168442,0.8446935045089917,1
-2.009356594489728,-0.5765321514828995,0
-1.792743974572645,-0.6606460192880639,0
-0.9092049143442212,1.6870935886686822,1
1.4426369867082642,1.0154882780987353,1
0.1468712204298821,-0.86052191475489,0
-1.4576428731887392,0.9262993775580135,1
0.02799966483291616,1.0039113443286323,1
-0.17454548449509089,0.9250437560828312,1
-0.7600907024874428,-1.096052261536131,1
1.2888906353518192,0.5864062423105842,0
0.7187652017466144,-1.7363131510443364,0
-2.3650782189605444,-0.39323638224131696,0
1.6169077467982649,0.7145101333089456,1
1.3832291410420083,1.3100379805496125,1
0.7228917658971294,0.8028352564736831,1
1.8729844513808025,1.7586388682609846,1
1.114184099252333,-0.312599415824373,1
0.8943336638606584,-1.442637545461697,0
-1.9166618178081747,-0.5888161379294694,0
0.5292238817614473,-1.2649757133159707,0
0.4750251595804784,0.5625077160391295,1
1.4769029450132103,0.7745334951604257,1
-0.12203482517626063,-1.3838173576303991,0
0.13302317474567582,-1.493963889916223,0
0.8403579314794769,-1.568658916688987,0
0.21773766140712958,-0.2581775999312359,1
1.0765753607065618,0.7894876791921763,1
-1.3061488314724432,-0.8892214262088385,0
-0.28006565999982125,-1.315133314529165,0
-0.0593520332481452,0.2711067150710823,1
-0.1933277202283875,-1.34917556704998,0
-0.2555898739241842,1.1177023587320507,1
-0.2118465035169017,-1.3772353487331297,0
-2.2153946650390806,0.9563104167785134,1
-1.5822080245688976,1.228327018790832,1
-1.2687304880884813,-0.8898646931771157,0
-1.6531546676507156,-0.7131998669250381,0
-1.3873666883822882,0.8621430015628034,1
0.8190181510863537,0.7230555219657078,1
1.1507554110626332,-1.2057865602635935,0
-0.6739190728805963,-1.1261778544899876,0
1.133981137723721,-1.577847775799433,0
-0.49967843959034897,0.7317033874899751,1
-0.6101332221776887,-1.1805112626604055,0
-1.663547087269619,-0.7223726952988747,0
0.45405014377140107,-1.9363338069255982,0
-2.2263890563307838,1.1636898964381737,1
1.2065711162930595,0.3241080182723113,0
-0.030015357343207927,0.9443060919494608,1
0.7194284094167436,1.5875940806796853,1
-0.06284867295462937,1.0305085260794657,1
0.022585327357397267,-1.9429614332344602,0
-0.940365421919469,-1.0079817824919897,0
0.5214016154533208,1.217860022359296,1
-3.2994543033242474,1.339099079294353,1
-1.0527782179418939,1.0882264574399452,1
-1.8747949040056082,1.198848263395632,1
1.016494287791324,-1.117552780286826,0
0.5732637421323621,-1.6703278298127655,0
0.8138792265476935,0.9913862350198739,1
-1.6454193446480523,0.9440902092744727,1
0.0247229952468625,-2.355997808357734,0
-0.9082812966061711,0.8972778363047715,1
-2.3385078568846636,-0.4270838725923479,0
1.0558508031623033,1.012298584029635,1
1.168879115953017,-1.9403271843461085,0
-2.20532677778312,-0.47942827466605953,0
2.7012364808738845,0.9789946311556783,0
2.193122121803606,1.925000753544703,1
-1.7042866653602258,-0.6863187555599888,0
-1.9371195717912482,-0.5781668172321233,0
0.7292582599364252,-0.4589396917712171,0
-1.336571564026948,-0.8549548518128123,0
-0.9534048984817046,-1.027014650634715,0
1.2873598898933567,0.7669902200482817,1
1.4311741058752139,-0.012969004542242923,0
-2.1721740082271594,1.1529885228481431,1
1.2905090311207963,1.1705365882217316,1
-2.4226430253017437,-0.3937000119254209,0
-0.10439752828125548,1.16582419473451,1
0.15232073332978247,-1.6612503602256021,0
-0.910037662668469,0.7330233751110826,1
0.3145036927521905,-1.555614879222207,0
-2.2297832010825553,-0.45011006234961015,0
1.2180562789496987,1.4564474700673238,1
-0.32627664658045075,1.0209059772533828,1
-1.7218895287893465,0.7801195063617156,1
0.6113785912212988,0.8972399610317255,1
-1.0357352240730053,1.320575170416723,1
1.2302680502686252,1.4300817971208604,1
-2.896739023841771,0.9679553187636745,1
-1.0534448653934394,-0.9738294348264549,0
1.7111087066006467,0.6054290218848357,0
2.6274487644816906,0.5699119317962784,0
-0.7529141261946402,-1.0928556100144897,0
1.09324810994532,-1.5073585009430426,0
1.0334205713529312,-1.8787012983710105,0
0.03425611114090743,-1.445026735094765,0
-1.0518515216856106,0.8787683228951333,1
0.6434299895779556,-1.3539893112595083,0
1.5153221620979245,0.17010756497443613,0
0.3520051140025777,0.9416470223418852,1
1.1433383098756082,-1.9231741623080112,0
1.0099921517407575,-2.4040149761188734,0
0.8237123419251899,2.062068173967013,1
-1.991380855774813,-0.5994975919489784,0
0.19476406712168004,-0.8631751861338504,1
-0.06913591496760463,-1.3926773682723406,0
0.3591101538729561,-2.4846836119343743,0
0.5355901916380299,0.8310155105386905,1
0.3071934354780588,0.31971260293129977,1
-0.31582925426248454,-1.9964924802691302,0
-2.7335705992162365,1.3643635717979148,1
-2.2495698547659577,-0.4629667013511587,0
1.2357062593122454,1.6123986846514122,0
2.292659671836618,2.7337025852191155,1
-1.0750043566659848,0.9400246224015021,1
-2.2739019199501,-0.45178981255647555,0
-1.1151090479370573,1.0333837271417037,1
-1.477866932450855,1.3783574900465658,1
0.864120338059921,1.7893070623036826,1
-0.08266041630614929,1.162878499677011,1
2.7621957417087546,-0.25277017996395545,0
-0.7708632027696274,1.029780024950175,1
2.0245184382360946,1.7701065729608585,1
1.1564597851385823,-1.2317895412331945,0
0.19884798684129557,1.015714094010552,1
0.5583412627740489,-1.2778581077304674,0
1.1667995659949968,0.7308379119928358,1
-2.069686620324688,-0.5331165891521901,0
0.4166995534740733,-1.5446606059604326,0
1.1742525971875448,1.419447392197274,1
-0.021696638650939182,-2.9528989958348757,0
1.596648933526231,-0.5665786443615608,0
-0.20436687935980158,-1.3491761605431134,0
-0.6007537341826772,0.9527160963352044,1
0.6482765614139021,0.5183465974333212,1
1.1250923101359873,1.5722975665046197,1
-1.959863480184902,1.2356343317370162,1
-2.615707360382292,0.7529699840086456,1
1.737002234544856,1.4160714751216978,1
0.49086342259083504,-1.6532830944204662,0
1.5413350523223288,1.6213996347285042,1
1.042767309752157,1.2967656876099123,1
0.540359958503502,-2.25888682846282,0
2.372960548232858,1.2603670272885925,1
0.13491201375786166,-1.4883483273133007,0
-2.652823265706586,1.4933529420375569,1
1.3657184692482311,-1.6775483925143027,0
-1.0846782572598095,0.891169764518273,1
0.13346104256475622,-0.9174799334266136,0
1.3144097220051807,0.19562488529587863,0
1.1169822337364304,-2.1943929795469943,0
0.7770626640733864,0.5723000938297866,1
-1.6433213408286886,1.473515437466684,1
-0.13809293378403242,-2.5865251350206426,0
2.4082547730354067,0.018965849233605114,0
-0.4875728919884421,1.1372563952462733,1
0.5030862758242551,-1.6769745972415402,0
0.8520985005148409,0.6519021284383838,1
1.187151496105631,-1.9231130802484828,0
1.4399302357720316,-0.4840245995109006,0
-4.0707019066680505,0.34092004427029576,0
-2.0352074283829484,1.0288893989779462,1
-2.1520961545441413,1.4877046998619492,1
2.306701230403922,1.3023625034219055,1
-1.2247811071367043,0.9745689187820193,1
0.4371077595964432,-1.6207226921485725,0
1.4023651554436338,0.28668556929028965,0
0.5167073454306141,0.37469084712090817,1
0.4189466779081217,0.7736013235660761,1
-2.486694674866815,-0.3543128091931462,0
-0.2488559985891965,-2.858376189188737,0
0.29769343330788134,0.8355917836880642,1
1.1369424800982615,-1.3087293134426434,0
-0.9437746165978916,1.027844828724095,1
-1.0243766094163516,1.3841133870915514,1
1.384572037688732,1.7745655445650046,1
0.41933968844119807,0.9360444802825982,1
1.0963965186924711,1.416261197393981,1
0.3497648538435266,0.7462695444420337,1
0.12356857072791683,-1.4822229194081906,0
0.34964087699161583,-0.345905757098365,1
1.323577670968373,-0.6385856323730241,0
1.254196353167087,1.574254268690761,1
-1.3446953506972776,-0.8569591280418944,0
1.5424113610759198,-0.5984493474569058,0
1.1822618612166718,1.2258472838740389,1
-1.1031810661232972,-0.956431676036615,0
1.453298125067434,-1.3092211928211739,0
-0.24726758613213784,1.0113091343094056,1
0.09649729872441548,-1.4631410161412395,0
1.0021393510204097,-0.4323727919331237,0
-0.41912515643844395,-0.6783976648416625,1
1.1916419706470858,-0.4723102863018579,0
0.9884979174420563,0.5800675836750437,1
0.6428948248923925,1.0432186112180908,1
-1.7259496239438867,-0.684863986579725,0
0.14001294128751796,0.6886151992282699,1
1.254360514353774,-1.972715540966758,0
-3.779985615916212,0.22826688029596753,0
0.3543929104247384,-0.2883608575779122,1
-2.0678955881022287,-0.5358785797739548,0
-1.1521590541937654,-0.9238229606505023,0
1.0109105503140294,0.616513469992585,1
1.0616399712086986,-1.4929001169729081,0
